Location-Id,Number of garages,Presence of open sewage,Number of industries,%Population that uses borehole of water,%Prevalence of high BLLs
70,873,1,17,20,10
68,4349,1,18,26,16
27,375,1,19,23,11
27,1261,0,19,16,16
64,603,1,19,24,16
48,1119,0,21,13,16
34,312,0,17,24,7
74,2014,1,20,31,10
63,2421,1,17,24,15
35,549,1,19,12,16
62,757,0,19,21,10
20,203,1,19,31,10
74,607,1,20,25,11
32,3659,1,19,14,10
39,835,0,18,27,5
39,1295,1,19,35,15
20,329,0,20,15,14
32,1470,0,20,27,10
74,1017,1,18,25,22
58,464,1,1,21,11
74,3604,1,21,22,5
35,402,0,17,50,5
59,1370,1,18,20,10
47,1725,1,18,8,14
24,4287,1,18,30,10
48,1164,1,18,53,11
66,2411,1,17,8,11
33,1054,0,18,52,5
33,1636,0,20,28,16
74,620,0,19,63,14
9,3685,1,18,19,11
55,100,0,17,15,5
74,1262,1,6,19,10
71,960,1,20,22,10
53,1298,1,18,59,11
67,591,1,20,11,17
39,1845,1,21,34,17
74,785,1,21,22,12
48,582,1,20,11,18
62,622,0,19,52,16
52,410,0,17,21,15
74,2979,1,20,20,9
44,1512,1,19,20,15
29,1268,0,18,20,10
71,580,0,18,37,5
36,1141,1,20,21,11
73,793,1,19,22,11
74,489,0,19,51,16
28,436,1,18,29,14
24,100,0,19,20,5
72,1644,1,17,28,11
68,5092,1,20,23,19
59,306,0,19,27,14
37,1156,0,21,22,11
33,4526,1,18,15,17
55,1917,1,19,28,10
33,382,0,18,24,15
26,1565,0,17,26,18
74,1703,1,18,15,11
74,2716,1,19,24,10
34,399,1,9,24,10
31,1910,1,19,20,20
63,100,0,18,35,15
74,4348,1,20,18,10
41,1157,1,18,10,11
22,3890,1,18,43,16
50,8924,1,17,32,9
33,1174,1,19,31,10
61,689,0,18,8,12
55,2477,1,9,22,10
33,1590,1,20,21,9
70,4594,1,19,21,12
2,2362,1,19,25,10
59,3573,1,20,29,14
44,1456,1,18,34,11
39,614,1,17,51,9
58,639,0,19,36,16
21,2001,1,5,26,12
47,1244,0,20,22,5
40,933,1,16,25,10
43,1582,0,18,24,14
11,662,0,19,35,13
74,4421,1,9,15,12
59,1655,1,16,18,11
45,1143,0,18,11,16
56,1258,1,20,48,10
33,970,0,19,49,16
74,881,1,16,23,18
70,820,0,19,62,10
50,1871,1,19,20,11
68,1399,0,19,39,19
74,1187,1,20,19,12
55,1472,0,18,44,18
14,1389,1,20,24,11
24,4181,1,9,18,11
52,391,0,19,16,5
27,133,0,19,37,5
40,394,1,22,24,10
20,3815,1,17,27,16
54,1423,1,17,19,12
57,850,0,20,21,12
55,3027,1,19,33,11
67,405,1,19,25,10
37,2318,0,19,32,17
44,2027,1,18,27,11
36,4549,1,19,18,12
72,520,0,11,68,11
74,527,0,18,68,15
71,3640,1,17,12,13
68,627,1,19,27,10
46,1673,1,20,14,11
56,4628,1,19,7,11
27,2371,1,18,35,11
74,1174,0,19,6,21
28,2016,1,19,17,5
71,494,1,18,25,14
41,2377,1,20,43,14
54,855,1,19,17,10
47,2517,0,18,24,11
59,1076,0,19,23,10
57,1030,0,20,44,11
61,1605,0,21,15,10
56,814,0,18,29,16
74,4380,1,20,31,12
35,135,1,19,22,15
60,100,0,18,68,12
74,584,0,18,17,5
23,3100,1,18,27,10
32,715,1,20,20,10
74,1811,0,19,9,17
54,4639,1,19,22,8
44,1444,1,18,19,5
20,4348,1,20,24,11
64,3035,1,11,20,11
14,1226,1,16,13,10
45,1666,1,21,9,11
52,3631,1,17,12,11
51,3620,1,19,26,9
17,1644,0,20,42,13
70,367,0,19,51,5
73,1174,1,20,8,21
11,2954,0,21,39,17
48,2357,1,19,68,13
24,449,0,19,22,11
63,256,0,17,37,14
14,1451,0,19,18,5
37,3629,1,18,15,10
63,100,0,19,13,7
52,1791,1,21,31,9
35,1579,1,45,20,18
61,2110,1,21,19,10
74,1565,1,18,21,15
20,1769,0,21,54,15
67,1290,0,18,68,5
74,574,0,18,15,18
28,3356,1,19,14,10
70,584,0,20,6,10
31,3128,1,18,15,11
58,342,1,18,24,17
28,2158,1,18,25,10
51,1353,1,19,49,11
30,260,0,19,50,13
18,376,0,19,23,6
30,2270,0,18,39,5
54,4565,1,21,41,10
37,1746,0,20,68,6
38,511,1,19,18,11
74,2962,1,19,15,11
74,5114,1,20,24,18
56,1292,1,18,17,11
62,4022,1,20,23,10
43,1763,1,19,50,11
37,1369,0,20,18,12
14,629,1,20,20,16
73,1298,0,19,29,20
63,985,1,17,19,5
19,2400,0,18,2,15
22,4172,0,17,18,18
36,4068,1,18,18,10
73,459,0,17,68,18
74,1416,0,18,49,5
36,4843,1,18,46,10
62,574,0,18,28,5
42,975,0,18,16,10
31,4065,1,21,24,12
41,1913,1,20,33,10
28,1766,0,19,12,11
74,202,0,20,34,5
22,1208,0,19,13,13
74,2240,1,20,17,11
34,1216,0,20,21,16
41,1083,1,20,22,13
28,2493,1,18,32,11
74,100,0,18,48,6
41,1917,0,19,50,18
14,1063,0,21,50,10
33,4316,1,19,27,18
71,100,0,20,61,6
72,3212,1,17,30,5
49,1502,1,18,17,11
74,799,1,19,27,20
58,201,0,20,10,6
72,1404,1,20,13,5
16,2341,1,21,7,17
55,211,0,18,66,17
67,511,0,21,22,17
67,4504,1,11,22,17
33,1352,0,20,27,19
44,2801,1,17,22,14
32,2005,0,20,34,18
25,245,1,19,21,11
64,4944,1,19,44,22
74,2906,1,18,20,12
40,1147,1,18,9,11
22,473,0,18,20,10
60,919,0,18,61,15
38,100,0,17,14,18
25,1087,0,19,13,14
32,1478,1,20,21,14
19,1346,0,20,21,5
30,3268,1,18,22,10
74,183,0,20,15,17
29,710,1,18,20,10
18,1046,0,19,40,19
50,5607,1,18,20,10
72,3505,1,17,23,11
30,459,0,18,15,5
44,4797,1,20,19,10
74,1683,1,18,15,11
13,659,0,18,47,16
25,966,1,19,48,16
71,4225,1,21,19,10
56,2652,0,19,33,10
74,119,1,18,21,10
63,561,0,19,56,16
25,3680,1,19,22,5
74,4084,1,18,20,10
51,4227,1,17,23,11
34,1521,1,18,21,10
27,1093,0,20,30,15
28,225,0,19,31,5
9,1344,1,20,30,11
34,936,0,68,22,5
60,230,0,19,32,7
28,1808,0,19,16,11
46,2798,1,8,16,10
38,1545,1,18,23,15
60,100,0,19,43,5
67,100,1,18,19,10
66,5084,1,6,16,11
26,481,0,21,61,17
73,2034,1,21,21,10
72,2954,1,17,16,16
73,476,0,18,37,17
42,100,0,20,21,5
36,3789,1,16,30,11
5,2339,1,20,17,13
45,1646,0,20,35,5
7,1639,0,20,57,5
53,993,0,20,22,15
38,542,0,19,23,17
45,953,1,17,11,11
33,100,0,20,23,5
73,893,1,17,36,5
74,3992,1,19,18,19
66,3084,1,18,21,18
35,1165,0,17,13,12
41,3531,1,19,24,15
31,5259,1,18,23,19
41,1972,0,21,24,16
54,1884,0,17,24,5
58,2123,1,20,32,16
51,1691,1,15,30,12
57,1759,1,21,26,10
74,420,0,18,11,14
48,1759,0,20,12,16
68,1267,1,17,30,11
73,1279,0,19,42,11
52,210,0,20,3,13
73,462,0,19,15,18
49,100,0,17,46,5
30,4376,1,51,20,10
48,284,0,19,27,16
69,451,0,18,28,5
24,3622,1,21,27,16
13,3708,1,8,30,5
74,2290,0,17,47,12
73,3166,1,17,15,11
45,862,0,19,22,10
22,1100,0,21,22,12
20,1507,0,19,24,5
68,4376,1,10,23,10
31,5803,1,19,53,16
18,3087,1,20,19,16
71,4996,1,4,19,15
12,2239,0,18,11,17
30,6806,1,18,15,11
31,3118,1,9,51,11
56,100,0,19,10,16
59,957,1,11,16,20
60,1009,0,6,12,6
38,1873,1,19,8,11
12,515,0,18,56,15
34,1452,1,20,32,9
32,2529,1,19,11,15
67,1622,1,4,15,11
74,1787,1,19,22,10
72,3975,1,19,26,11
21,5094,1,18,25,12
25,510,0,18,28,11
11,1008,0,18,19,5
42,853,1,17,31,18
57,4561,1,19,7,12
51,100,0,20,17,12
57,728,1,17,26,6
22,1034,0,18,13,10
24,4987,1,18,26,12
22,100,0,20,26,9
51,267,0,19,27,11
67,100,0,18,12,19
35,344,1,19,20,11
53,4820,1,18,68,17
70,982,1,19,13,14
51,997,1,19,15,11
39,1057,1,18,36,10
61,1747,1,19,28,11
33,512,1,18,20,16
58,100,0,18,6,17
37,1355,0,20,22,12
74,4263,1,17,16,11
39,1525,1,41,23,10
38,1539,0,19,12,19
39,217,1,18,25,9
55,2127,0,18,55,18
43,1535,0,19,5,5
41,3602,1,19,19,18
40,100,0,18,47,19
44,1075,0,20,62,17
70,100,0,18,49,17
48,1119,0,21,59,17
70,536,1,18,23,11
30,203,0,18,37,10
55,506,0,18,29,11
69,4801,1,17,42,17
25,4433,1,18,14,5
74,1021,1,17,12,10
69,1253,1,19,25,11
70,799,0,19,46,5
59,1398,0,19,49,16
20,2515,1,17,18,10
26,1960,0,17,45,19
56,2461,1,20,16,5
28,1219,1,20,27,11
74,1456,1,19,25,17
20,363,0,19,64,5
73,721,0,19,18,18
61,1432,0,19,68,16
44,2555,1,5,6,10
74,1104,1,20,20,5
35,4152,1,19,32,10
64,845,0,20,45,15
46,1745,1,18,68,18
49,288,1,18,18,18
51,100,0,20,23,12
26,512,0,18,57,9
68,1490,1,19,10,5
62,5159,0,19,45,12
59,797,0,20,17,11
36,311,0,18,25,19
20,1971,1,19,27,12
24,2565,1,20,28,14
30,465,0,18,31,5
36,2966,1,18,24,18
19,1101,1,19,23,10
61,243,0,19,51,17
69,713,0,18,12,5
57,1594,0,20,19,5
53,239,0,19,68,5
64,487,0,18,34,11
45,3702,1,19,9,14
74,4955,1,20,21,10
74,975,1,18,33,13
49,4461,1,19,27,15
70,3502,1,18,30,7
60,361,0,19,27,12
30,1102,1,14,21,14
22,2442,0,19,22,14
65,1711,1,20,19,11
21,2276,1,18,22,15
61,2757,1,16,6,5
37,1952,1,20,21,11
67,723,0,19,26,14
58,5609,1,20,11,18
34,3727,1,18,19,16
32,940,1,18,24,13
29,1148,0,21,31,10
48,1355,1,18,25,17
39,632,1,19,9,9
41,4609,1,21,27,10
17,4368,1,17,23,11
69,3967,1,18,24,21
74,216,0,18,43,5
74,269,1,19,23,10
74,1177,1,19,11,11
50,4658,1,18,23,9
74,1738,1,20,9,18
58,272,0,18,67,17
67,747,0,19,68,16
20,2186,0,19,12,15
64,1770,1,19,20,15
31,2756,1,18,22,11
34,1288,0,19,18,18
13,1603,0,19,47,14
74,3320,1,20,25,17
23,2125,1,16,21,5
63,100,0,20,32,5
68,6734,1,19,10,10
27,2029,0,20,22,18
66,1667,1,19,22,13
54,1071,0,18,25,6
42,3609,1,20,17,20
38,7186,1,20,26,19
65,743,1,20,23,5
74,4499,1,17,28,11
66,3263,1,20,25,16
74,1522,0,18,15,19
20,4796,1,19,19,11
30,6568,1,17,24,11
57,286,0,20,17,9
68,3193,1,17,19,16
57,420,1,17,22,12
74,193,0,20,68,14
41,2201,1,19,13,11
32,776,1,21,8,18
46,678,0,20,35,14
60,4340,1,19,21,11
18,4727,1,20,27,12
35,1785,0,17,23,19
74,2450,1,17,23,11
18,1118,0,19,15,17
44,839,0,19,68,5
37,1148,0,20,44,10
46,5374,1,19,32,5
63,2370,1,19,7,17
10,914,1,19,16,6
74,1466,0,20,15,18
19,1637,1,18,31,10
45,5558,1,19,20,11
73,377,0,20,53,5
36,127,0,20,29,5
42,3463,1,20,24,10
74,877,1,20,22,6
74,295,0,18,23,5
53,100,0,19,34,5
35,1135,1,19,32,12
74,1486,0,20,18,5
41,1266,0,20,30,16
41,525,0,18,16,17
65,133,0,18,56,16
25,4550,1,19,21,10
63,1244,1,18,16,5
74,804,1,19,34,10
74,192,0,19,22,5
29,790,0,19,18,5
72,1834,1,21,22,12
71,100,0,19,52,17
41,5005,1,19,23,11
68,1477,1,78,30,10
67,1867,0,19,18,14
71,401,0,19,43,5
19,1162,1,20,32,10
56,1647,1,20,18,10
28,3192,1,19,30,11
18,1386,0,19,61,5
59,1543,0,18,38,11
41,1095,0,18,42,6
19,1129,0,19,44,11
13,633,0,18,34,11
35,1115,0,19,18,5
34,1031,1,19,22,19
31,1486,0,19,15,15
43,1871,1,18,26,11
70,892,1,20,25,12
14,626,1,18,3,13
63,4565,1,18,10,5
74,267,0,17,21,17
56,392,0,20,19,12
44,2762,1,11,21,17
30,1867,1,19,17,11
66,4830,1,19,28,11
20,1221,1,20,19,10
49,100,0,17,23,10
34,1906,0,19,66,6
50,1931,1,17,21,16
74,1463,0,19,27,6
47,100,0,20,37,10
22,1415,0,19,18,15
64,100,0,19,68,18
44,697,1,17,17,11
10,426,1,20,18,5
43,2187,0,17,61,16
28,424,0,19,24,10
74,1318,0,20,38,15
73,1235,1,88,20,11
21,1181,0,20,50,14
33,1246,1,19,28,5
27,1713,0,19,24,15
24,335,0,19,9,5
61,692,0,21,12,7
20,1369,1,18,38,5
28,122,1,18,15,10
42,1794,1,20,25,11
69,8274,1,17,26,12
74,1714,1,19,14,11
74,2205,1,19,20,12
40,3608,1,18,11,12
33,100,0,21,17,5
27,1305,1,19,28,9
50,532,0,20,23,6
45,1683,1,18,59,12
65,154,0,19,24,12
26,1622,1,12,49,5
64,1504,0,20,59,19
45,6355,1,19,21,17
27,1620,1,20,20,11
60,245,1,17,17,12
19,1361,0,19,62,5
74,100,0,20,28,10
33,660,0,19,24,12
72,1980,1,17,22,10
74,4269,1,19,33,11
42,254,0,21,32,5
50,2284,1,19,26,14
58,8120,1,16,19,12
41,1337,1,18,23,13
70,1878,1,17,20,12
16,4365,1,19,6,5
74,3012,1,17,19,11
63,1187,1,18,13,19
44,1079,0,18,42,18
68,4929,1,20,31,11
70,633,1,16,29,18
54,100,0,19,47,17
74,1412,1,21,16,11
18,2121,0,19,23,11
38,1367,1,20,24,10
63,271,0,18,23,18
65,571,0,20,52,10
11,582,0,19,23,18
64,478,1,19,10,12
65,437,0,17,18,14
54,1422,0,19,39,12
32,1753,1,17,21,17
58,199,1,20,32,12
33,4433,1,20,3,17
74,2928,1,5,18,11
64,908,0,19,16,6
61,1318,1,20,12,10
59,1833,1,20,24,12
43,1759,1,19,43,14
33,1872,1,18,20,11
20,1258,1,19,22,11
59,445,0,18,55,5
70,217,0,20,16,16
57,10000,1,17,7,6
73,846,0,17,34,10
48,4638,1,78,4,11
49,846,1,20,25,10
61,1121,0,18,21,5
74,1665,0,18,22,7
30,5328,1,17,68,11
23,3446,1,19,26,19
60,609,1,18,24,12
74,1287,1,16,20,11
59,364,0,19,68,13
34,415,0,19,19,5
24,1442,1,18,29,12
74,1143,1,18,14,5
37,406,1,19,12,5
74,4253,1,19,10,11
31,884,0,19,24,13
65,100,1,18,29,10
48,3476,1,19,26,10
39,1272,0,19,10,15
40,2422,1,20,19,11
37,1907,0,20,21,15
63,1328,1,18,20,15
31,1841,1,18,26,12
31,3372,1,18,18,12
32,1611,1,18,19,7
68,3877,1,19,26,12
70,751,1,19,29,17
56,381,0,18,35,18
15,1125,0,18,37,5
36,966,0,20,39,6
41,2917,1,20,7,11
74,863,0,19,32,14
29,2527,1,20,24,13
74,204,1,19,26,10
34,2017,1,19,25,14
27,5944,1,18,28,12
11,5471,1,19,23,18
74,1405,1,20,8,17
51,266,1,18,30,11
32,1038,0,18,54,11
16,2474,0,18,16,5
52,1594,1,19,25,10
44,1742,0,20,14,17
35,402,0,19,18,10
23,3145,1,19,20,11
48,582,0,20,55,16
35,1942,1,19,26,16
66,953,1,19,17,6
49,3788,1,18,21,5
39,4156,1,20,11,10
31,1406,1,18,24,11
49,100,1,20,24,18
65,1896,1,7,17,10
62,117,0,20,25,12
35,521,1,18,20,16
48,1551,1,20,35,10
30,3556,1,20,18,19
74,963,0,19,28,19
66,4299,1,17,26,19
51,351,0,16,46,10
51,762,0,19,36,10
74,1586,0,19,3,15
41,174,0,19,28,17
41,4087,1,18,17,17
66,525,1,19,7,10
66,609,1,21,23,11
68,640,0,20,47,13
22,1850,1,18,8,20
29,717,1,19,8,12
74,2004,1,13,29,18
5,4086,1,20,21,11
72,525,0,17,41,17
20,1358,0,19,37,19
52,1003,1,9,20,11
66,823,0,19,24,13
43,758,1,17,31,5
32,482,1,18,29,9
18,1408,1,5,17,14
55,4941,1,12,19,20
48,2878,1,19,34,11
31,3064,1,19,25,14
56,698,0,20,21,13
15,1149,0,17,60,10
43,5310,1,19,16,12
24,3075,1,10,26,10
21,1116,1,17,31,12
50,1707,1,18,9,12
55,3398,1,19,8,12
21,1491,1,17,21,10
62,4977,1,9,18,9
24,2320,1,19,34,18
32,1417,0,19,19,17
61,3285,0,18,26,17
37,4566,1,20,31,10
40,1882,0,19,51,21
44,3173,1,17,27,11
36,861,0,19,34,18
72,3534,0,19,20,14
50,1730,0,18,27,5
74,5497,1,17,12,16
26,1834,1,18,19,15
53,2228,1,19,24,10
73,1207,1,20,21,15
73,365,0,17,37,14
40,682,0,19,27,11
34,2231,0,18,22,6
62,957,0,19,57,11
74,1973,1,19,23,11
54,916,0,18,14,10
54,696,0,17,34,17
27,1014,1,20,27,5
35,2274,1,19,28,5
66,2180,1,18,25,14
57,2532,1,18,15,10
38,581,1,17,23,15
19,1372,0,19,21,13
28,408,0,20,25,11
16,2005,0,18,24,18
66,1353,1,20,25,16
74,3372,1,20,30,10
58,1254,0,19,59,17
69,1322,0,18,42,18
41,448,0,18,26,19
49,5104,1,18,9,20
51,3366,1,19,27,10
74,1918,0,18,50,16
57,3530,1,19,58,11
30,1836,1,19,9,11
74,1073,1,19,19,17
55,1490,0,19,31,17
23,1623,1,19,27,15
60,674,1,19,23,9
33,1539,1,10,30,14
43,1289,0,20,13,16
66,903,0,19,59,15
26,4749,1,18,26,11
70,2752,0,17,24,17
62,810,0,19,26,13
33,1995,1,18,25,16
47,954,1,12,22,11
32,5842,1,18,19,16
74,2287,1,19,21,19
74,1160,0,19,10,11
74,492,0,20,61,5
72,915,1,17,19,10
46,384,0,19,19,10
26,1942,0,17,26,17
31,100,0,19,24,10
38,2092,1,19,15,13
17,224,0,19,11,15
74,875,1,19,50,10
29,874,0,19,52,15
40,1387,0,19,64,10
38,3993,1,19,32,10
72,1488,0,20,46,17
57,1004,0,18,45,15
24,988,0,17,46,5
74,2300,1,20,13,11
27,1407,0,18,38,17
59,711,0,18,17,10
63,333,0,20,15,5
25,100,0,18,16,5
47,6359,1,19,29,11
74,1419,1,16,49,11
29,386,0,18,36,14
45,1645,1,19,14,10
16,455,0,21,33,14
74,1281,0,17,68,11
58,1071,0,19,34,18
67,166,0,20,14,5
44,1800,1,17,5,5
34,700,1,18,26,9
25,865,1,19,51,10
69,813,0,19,3,15
49,702,0,18,56,10
31,3942,1,20,28,11
8,1275,1,21,30,16
17,741,0,19,16,5
15,2281,1,17,26,16
41,3488,1,59,22,12
54,1983,1,16,37,5
54,5929,1,19,8,19
70,100,0,21,36,13
74,5582,1,21,25,10
15,589,0,19,44,5
65,1262,1,19,23,11
74,2647,1,19,45,21
41,2685,0,20,21,15
74,1923,0,18,32,19
43,6012,1,19,19,12
38,1036,0,17,17,13
32,417,0,17,11,9
37,3236,0,19,33,9
23,1876,1,15,40,11
25,216,0,19,15,13
33,1341,0,21,25,6
74,702,1,20,13,9
42,1933,1,17,18,7
60,1306,0,19,67,17
74,4223,1,19,30,16
5,1835,0,19,23,19
16,1047,1,19,23,11
55,1376,1,18,17,6
49,4360,1,20,33,16
45,1907,1,19,20,12
74,2236,0,18,54,13
36,5406,1,20,18,10
42,1726,0,18,43,16
27,1622,1,20,24,19
62,497,0,18,21,5
22,3547,1,17,14,10
30,4671,1,18,26,12
51,509,1,20,23,11
15,4057,1,20,31,15
16,602,1,18,18,10
58,977,0,19,46,5
62,398,0,19,2,9
18,4116,1,20,15,11
26,1149,1,18,27,5
38,3324,0,19,23,5
34,2136,1,19,6,10
68,1050,1,19,37,11
29,873,0,20,43,15
39,297,0,16,19,15
68,6530,1,10,28,20
74,1078,0,21,37,5
66,1260,0,19,30,16
42,4115,1,19,25,6
27,3734,1,19,21,11
67,1636,1,19,18,20
16,1399,1,18,45,12
15,2276,1,20,14,16
64,477,0,19,49,13
24,2343,0,19,19,10
31,786,1,20,30,10
27,5735,1,19,19,17
23,1625,1,18,27,11
23,2160,1,17,14,12
19,990,0,18,68,5
62,100,0,20,24,12
74,1880,1,15,19,17
12,5577,1,21,10,5
51,139,1,19,25,10
74,502,1,16,29,10
61,1041,0,17,25,6
19,1284,0,17,68,19
35,1309,1,18,25,13
16,2447,1,4,24,16
57,3517,1,19,32,12
66,679,0,18,48,11
73,1801,1,17,18,19
71,309,1,19,30,10
36,2035,1,20,9,11
74,283,0,21,11,17
71,314,0,17,16,5
74,1046,0,20,26,11
28,1162,1,18,55,15
65,506,0,19,51,6
27,1245,0,20,64,5
33,3454,1,18,20,15
74,5882,1,18,22,22
74,2592,1,20,26,11
74,100,0,20,59,16
74,211,1,13,31,16
37,301,0,19,31,5
74,3406,1,18,31,12
21,100,0,18,50,12
17,1170,1,17,26,11
38,1236,0,21,21,13
62,1629,1,20,16,11
71,801,0,19,6,11
13,3541,1,19,16,11
22,4509,1,18,22,11
9,1452,0,20,19,17
12,2110,1,19,17,14
48,5924,1,17,20,11
40,1603,0,17,46,11
74,100,0,18,27,14
74,3023,1,19,18,16
25,1222,0,20,19,14
57,4635,1,18,24,10
72,513,0,21,18,13
16,1338,0,19,61,11
31,1535,0,20,21,17
51,228,0,20,40,12
22,998,1,18,32,10
61,2652,1,19,12,10
30,1184,0,18,14,5
74,10000,1,21,17,12
31,100,0,18,16,15
62,100,0,18,8,16
33,639,0,17,35,15
67,882,0,18,22,5
44,1338,1,19,25,14
39,6866,1,4,14,10
62,5070,1,18,28,12
62,916,1,18,24,11
46,3830,1,21,32,10
72,553,1,18,27,10
58,716,1,19,18,11
29,3654,1,13,31,16
30,630,0,19,45,16
25,5100,1,17,9,17
42,1414,1,18,17,20
31,2031,1,19,8,11
46,1069,1,19,20,19
26,975,1,18,52,10
17,1909,0,19,34,17
67,4384,1,72,12,11
68,981,0,19,5,17
16,188,1,18,65,16
61,2505,1,19,15,10
21,100,0,18,11,6
53,895,1,20,17,6
23,108,0,17,25,18
47,1730,1,18,12,12
74,1986,1,17,22,7
74,1509,1,20,14,10
60,100,0,18,24,5
74,4662,1,19,18,20
31,1004,1,20,14,10
74,2557,1,11,6,11
74,100,0,19,12,15
58,656,0,19,63,7
70,685,0,19,18,17
74,1533,1,17,47,6
48,1712,1,18,51,16
69,547,0,19,23,18
45,4149,1,20,19,11
74,1256,1,6,20,12
58,1073,0,20,9,13
36,5590,1,42,35,10
73,2573,1,20,20,6
21,2493,1,17,14,12
23,5342,1,19,14,14
63,383,0,19,33,15
60,444,0,18,32,11
54,1977,1,17,14,11
56,1485,1,19,15,15
74,389,0,20,24,11
74,1085,0,19,50,12
18,2603,0,17,38,20
15,2469,1,20,8,10
63,2558,1,18,17,20
31,1309,1,18,27,14
62,4342,1,19,20,18
35,1013,1,17,33,5
59,392,1,19,11,10
10,1524,1,18,22,11
60,100,1,19,27,12
52,1919,1,19,23,11
50,100,0,18,46,18
28,1523,0,20,52,20
56,3929,1,19,29,6
51,1300,0,20,26,12
74,3253,1,20,26,10
18,1588,0,18,59,6
67,1269,0,19,23,5
53,1832,1,19,21,11
21,2318,0,18,34,6
62,1217,0,19,11,11
51,374,1,20,10,16
27,1907,1,19,30,11
19,1432,1,19,68,10
66,1122,0,19,58,18
41,431,0,21,60,9
74,1388,1,62,24,12
64,701,0,20,11,18
64,875,0,19,54,11
72,2368,0,20,68,11
48,1057,1,12,22,11
67,1949,1,10,10,11
74,1755,1,17,14,10
74,4472,1,20,31,11
34,698,1,19,30,16
29,2075,0,17,65,11
39,1539,0,19,12,5
30,528,0,17,62,10
21,1197,1,18,24,10
74,2084,1,18,25,14
59,1963,0,17,67,19
34,1276,1,20,17,10
30,2627,1,19,21,16
74,1398,0,18,54,16
73,825,0,19,15,18
24,4862,1,17,16,6
34,1400,1,18,27,15
69,2038,0,19,58,17
69,3615,0,20,26,9
45,1945,1,20,27,11
74,718,0,18,23,18
74,1310,1,18,16,14
44,1133,0,19,23,11
41,100,0,18,20,10
73,559,0,19,25,6
38,1991,1,19,23,10
18,545,0,19,26,10
50,561,1,18,18,16
68,1462,0,21,14,6
37,1747,1,20,16,10
15,1366,1,18,31,16
74,100,1,1,19,17
71,421,0,18,51,15
74,630,0,20,58,14
28,2395,1,19,22,11
39,4120,1,18,8,17
42,1634,0,20,61,17
32,3979,1,20,8,11
39,3025,1,19,7,10
29,570,1,19,63,10
64,100,0,20,59,5
72,778,0,17,35,11
74,1178,1,19,20,10
17,100,0,18,68,10
74,974,0,18,57,20
31,795,0,18,18,15
74,1762,1,20,23,11
71,1710,0,18,48,13
26,1903,0,16,17,10
49,386,0,18,49,15
64,1040,1,18,38,18
72,621,1,20,24,5
58,2949,1,18,9,20
74,4383,1,19,17,16
29,4574,1,19,29,9
64,1445,1,19,26,11
69,1170,1,4,12,12
52,1487,0,19,20,17
58,557,0,19,21,15
24,882,0,19,55,5
61,100,0,18,40,15
51,5644,1,18,17,19
37,4506,1,19,34,5
72,129,0,17,23,17
26,872,0,18,14,17
27,7896,1,20,20,11
38,253,0,18,29,5
38,888,0,19,22,19
29,100,0,18,15,11
74,1221,1,20,20,10
68,996,0,18,17,6
12,1077,0,18,24,14
33,1696,1,19,4,10
36,387,0,18,27,10
25,5963,1,18,15,11
69,800,0,18,1,10
25,100,0,19,17,10
12,2152,1,18,43,11
35,7185,1,19,29,17
34,1123,0,18,28,17
72,912,0,19,20,10
43,2463,1,9,36,11
72,617,0,20,64,7
54,946,1,19,23,6
16,1280,1,20,9,11
64,7641,1,16,27,17
61,100,0,19,32,10
70,1583,0,21,16,5
74,392,0,19,56,18
47,699,0,20,26,7
74,100,1,20,22,10
66,6087,1,20,12,18
73,1165,1,19,23,12
23,1874,0,19,49,15
45,1382,0,18,68,6
74,1219,0,19,40,14
18,3972,1,8,20,6
40,407,0,18,13,9
33,1100,1,19,20,12
39,5263,1,21,19,16
48,727,1,19,17,11
61,4220,1,8,23,12
38,6048,1,20,28,9
16,5236,1,20,20,17
32,1092,0,19,20,6
30,2098,0,20,46,15
30,5603,1,6,14,18
48,758,0,16,23,11
74,1015,1,20,50,6
49,466,0,20,6,13
39,1528,0,18,63,11
37,1574,1,16,22,21
37,721,0,17,27,19
74,1591,1,21,31,13
35,5559,1,18,12,19
74,1217,0,20,8,11
14,4528,1,19,14,22
59,1461,0,20,4,21
69,100,1,20,16,17
62,638,0,18,44,16
39,6003,1,18,25,12
64,100,0,18,21,11
39,481,0,19,20,5
19,1520,1,19,17,10
49,1372,0,20,30,17
41,5984,1,17,23,10
53,1756,1,18,23,15
24,1282,1,18,16,11
74,128,0,17,39,5
74,3277,1,18,15,11
32,1008,0,17,63,17
38,2051,1,19,64,10
31,2753,1,19,14,18
42,4926,1,18,21,9
27,3689,1,19,16,15
74,943,0,16,68,15
36,1753,0,20,36,10
27,719,0,19,26,9
48,2874,1,19,28,17
74,3803,1,18,21,15
64,2318,0,20,25,16
50,1815,0,18,36,5
67,1505,1,17,22,11
25,1778,1,20,20,6
27,1270,0,19,10,14
19,1213,0,18,31,5
40,100,0,17,54,16
33,3625,1,6,4,21
64,1753,1,19,17,7
36,100,1,20,20,10
46,3468,0,19,20,16
65,1873,1,19,30,5
40,790,1,20,24,5
28,1373,0,20,31,17
42,631,1,18,26,17
53,949,1,19,25,16
36,466,1,17,68,9
40,100,0,20,34,11
73,316,0,19,12,16
60,1449,0,19,2,22
28,1141,0,19,17,16
39,1378,1,19,27,11
12,1111,1,20,34,14
50,1609,0,19,51,17
34,4558,1,45,28,11
74,649,1,20,27,5
44,135,0,17,12,10
28,4467,1,20,16,12
74,964,0,18,25,13
33,944,0,20,40,16
40,904,0,19,23,17
45,3548,1,18,17,21
74,1384,0,18,41,20
47,2038,1,19,30,11
74,5572,1,18,47,16
54,5161,1,18,14,18
34,311,0,19,65,19
47,341,1,18,18,12
74,1064,1,18,5,12
56,1998,1,18,16,11
50,1497,1,20,5,18
55,100,0,18,39,5
33,543,1,18,20,11
74,5140,1,17,19,11
74,2238,1,20,26,11
74,3463,1,19,25,11
27,834,0,21,17,11
63,188,0,19,44,10
63,1507,0,20,14,5
74,4499,1,20,8,11
21,1900,0,18,22,18
61,806,1,75,15,19
26,1388,1,17,22,10
47,1495,1,18,45,5
20,1403,0,18,23,15
35,892,1,18,19,10
61,2383,1,19,17,10
74,765,0,17,19,18
46,5225,1,19,43,12
74,1859,1,19,27,10
74,1615,0,20,25,5
69,100,1,19,24,16
40,915,0,18,40,18
32,303,0,19,62,18
26,858,0,19,11,6
40,4926,1,19,15,5
74,4228,1,17,30,10
74,1841,1,19,13,11
58,949,0,18,53,5
29,1157,0,19,37,5
24,100,0,20,30,11
27,1116,0,20,63,10
58,799,1,19,17,5
26,1560,1,19,25,5
68,1263,1,1,15,13
20,745,0,18,41,5
33,3350,1,19,25,15
71,1835,1,18,20,11
53,4130,1,19,18,8
33,1959,1,17,25,12
44,2265,1,19,26,10
26,3656,1,19,15,12
39,5678,1,20,24,5
57,893,0,17,26,5
32,100,0,20,17,10
74,3456,1,17,16,11
73,3803,1,20,16,10
74,4939,1,19,32,11
60,270,0,19,22,6
74,1114,0,20,24,5
74,1863,0,19,46,5
36,2881,1,20,22,10
65,3213,1,19,29,11
74,548,1,19,32,16
67,3424,1,18,29,15
36,1227,1,17,30,10
11,1523,1,18,16,9
36,1596,1,18,23,10
68,731,0,20,12,18
74,1116,0,18,39,6
32,100,0,18,34,10
46,3389,1,19,26,11
32,983,0,17,61,19
72,2091,0,18,63,17
74,3802,1,18,23,10
16,4802,1,19,11,15
72,2743,1,17,25,19
44,1889,1,18,29,9
74,100,0,18,19,16
41,2537,1,19,16,11
65,1531,1,18,27,6
25,792,0,18,37,7
18,867,0,19,29,13
20,1523,1,19,28,5
69,100,1,19,20,17
41,829,0,18,36,17
72,542,0,19,36,6
70,1111,0,18,61,15
40,100,1,21,14,5
69,100,0,18,41,14
42,645,0,19,26,5
60,100,1,19,14,11
40,1599,0,19,18,12
45,1801,0,20,29,6
72,1524,1,17,23,19
74,3173,1,19,17,12
74,6235,1,17,20,21
17,1172,0,19,44,11
20,3134,0,21,24,12
74,2802,1,19,6,17
37,3024,1,19,22,5
43,100,0,18,21,12
32,654,0,19,22,17
23,2459,1,2,11,9
42,100,0,20,15,16
67,1736,0,18,28,16
60,885,1,19,26,10
73,923,0,15,15,18
74,540,0,18,17,17
43,1021,0,20,30,5
22,2188,1,19,7,11
31,1764,1,19,9,14
40,100,0,19,63,15
31,2159,0,19,22,9
32,1041,1,17,30,20
74,100,1,19,28,11
34,1347,0,20,12,17
73,602,0,20,6,6
22,983,0,18,63,6
74,1359,0,18,15,5
74,142,0,19,35,5
74,100,0,17,12,5
74,675,0,20,19,6
68,1240,0,18,20,5
39,6509,1,17,39,12
67,1019,0,20,12,13
74,4862,1,18,30,19
24,1805,1,20,17,10
55,228,0,20,19,11
37,1168,1,19,62,18
74,921,1,17,37,12
62,1897,0,19,20,18
62,4923,1,17,34,15
18,100,0,18,28,11
24,4193,1,18,18,17
37,2081,1,20,18,11
45,628,0,18,29,22
43,809,0,19,46,16
63,951,1,19,3,10
30,4923,1,21,3,9
28,1341,0,21,12,15
35,3068,1,17,21,12
61,639,1,18,26,10
18,389,0,19,22,6
68,1580,1,20,20,10
45,679,1,16,26,10
15,1113,0,19,31,9
57,499,0,19,66,15
16,268,0,17,12,19
33,5610,1,20,19,16
37,1719,0,19,19,17
57,452,1,18,27,10
25,2372,1,18,7,11
62,5752,1,8,21,16
66,2082,1,10,39,11
60,703,1,11,34,13
45,5149,1,19,11,10
66,253,0,20,15,5
69,2472,1,19,16,11
74,2444,0,20,18,16
37,3819,1,21,24,10
38,721,0,19,31,5
21,1461,0,19,17,5
47,2989,1,18,28,5
32,1845,1,9,26,10
70,2861,1,17,17,15
62,290,0,19,23,7
64,1638,0,18,15,11
23,771,0,19,32,12
7,1425,1,19,19,16
43,378,1,19,13,10
70,1650,1,18,21,5
66,218,0,19,10,19
27,1664,1,18,20,22
27,644,0,19,20,17
60,1809,1,19,25,14
14,4995,1,17,41,7
33,100,1,18,47,5
67,1012,0,20,12,16
74,2222,1,13,18,16
66,682,1,19,21,11
9,1586,0,19,24,20
36,4522,1,18,23,10
15,179,0,18,61,5
39,1483,1,17,12,10
37,703,0,18,31,5
74,2881,1,20,26,11
74,4630,1,18,25,10
42,1078,0,19,42,6
65,1174,0,18,16,16
38,1467,1,19,24,11
42,2248,1,20,10,10
60,2360,1,12,13,11
74,100,0,19,21,10
41,4677,1,20,22,10
26,1348,1,19,52,17
31,426,1,20,11,10
26,100,0,18,57,5
43,2211,0,18,47,15
74,1196,1,19,19,11
40,4343,1,19,17,10
62,701,0,20,13,5
22,100,1,13,19,5
42,4229,1,20,24,12
40,1073,1,18,35,14
14,1856,1,18,37,18
41,1424,1,19,23,20
35,1630,1,19,20,11
42,2290,1,20,22,10
62,1164,1,18,29,10
70,658,0,20,15,7
8,1019,1,18,23,14
68,100,0,18,59,5
33,1847,1,17,25,10
73,414,0,19,41,15
16,311,0,19,21,5
58,666,0,20,12,5
33,1785,1,17,19,9
67,1363,0,19,22,14
41,5539,1,20,22,16
65,635,1,19,25,11
1,4198,1,19,61,11
51,2278,1,20,29,10
44,1401,1,18,8,10
53,1408,0,17,20,10
41,5482,1,26,24,20
72,3312,1,19,10,6
48,100,0,19,21,10
63,516,0,19,19,5
61,1334,1,20,19,15
35,399,0,18,25,17
55,2160,1,18,19,21
21,769,0,19,9,5
67,324,0,18,20,11
74,2830,1,18,16,5
56,837,0,20,17,12
46,623,0,19,25,10
38,188,0,19,29,5
40,1267,0,19,68,13
42,1412,0,18,36,16
72,4583,1,19,26,10
61,1900,1,18,25,8
67,3414,1,20,29,11
37,7795,1,18,25,14
38,426,1,19,22,9
37,3042,1,19,21,11
65,231,0,18,57,10
21,100,1,73,30,10
51,714,0,20,24,5
19,1718,1,19,16,11
20,1681,1,9,18,10
73,1540,0,21,41,19
36,497,0,20,44,18
32,612,0,19,52,14
32,2490,1,19,23,15
63,100,0,21,20,5
71,2316,1,19,22,11
74,1612,1,18,17,16
72,1901,0,20,32,5
72,1577,0,18,42,5
72,1837,1,19,23,10
71,1219,0,19,25,10
21,344,0,19,26,12
39,979,1,16,25,11
62,100,0,19,49,10
67,968,1,18,25,11
18,1797,1,19,23,11
28,1594,1,17,17,11
20,818,0,18,51,14
50,722,0,20,20,6
40,6016,1,19,11,11
64,1570,0,18,31,10
23,2256,1,18,21,5
63,840,1,19,30,11
27,1172,0,18,36,18
65,1457,0,8,46,14
67,635,1,18,25,19
23,3783,1,20,16,11
47,972,1,17,26,13
74,4875,1,17,13,16
28,454,0,19,10,10
69,4613,1,19,20,12
20,2966,1,20,68,11
32,3392,1,18,13,5
35,1109,0,19,64,10
40,1994,1,19,13,17
74,795,1,17,23,21
27,917,0,19,22,17
74,1861,0,18,39,13
71,3242,1,19,17,11
65,2171,1,18,10,15
39,3972,1,19,26,11
74,730,0,18,39,6
37,1553,0,19,53,15
44,433,1,19,35,17
10,1032,1,19,16,14
26,9929,1,18,8,19
27,1902,0,20,68,17
33,159,0,18,35,5
20,170,0,17,53,10
56,962,1,7,22,15
17,668,1,19,30,11
74,5254,1,12,22,21
35,2116,1,19,18,6
22,1441,0,18,22,14
50,1829,0,16,28,19
30,735,0,18,41,19
29,3296,1,18,23,10
56,978,0,18,65,15
43,1090,0,19,67,5
66,433,0,18,55,6
65,3487,1,20,24,10
67,100,0,20,37,5
74,270,0,18,49,7
29,4400,1,17,29,10
33,1637,0,18,32,16
56,4064,1,21,28,12
41,1225,0,16,22,5
33,1623,1,19,17,15
65,755,0,18,54,13
48,520,0,19,3,9
67,626,0,18,52,5
26,243,1,19,15,11
74,280,0,19,23,5
29,3058,1,20,21,18
21,371,0,20,30,10
31,4787,1,19,26,12
74,1262,0,19,42,6
31,3660,1,16,30,10
24,1737,1,18,23,10
74,374,1,18,28,10
61,2765,1,19,43,11
72,1680,1,19,16,21
32,472,0,19,21,11
74,2237,1,19,10,11
43,597,0,18,20,18
32,2503,0,19,5,18
37,5688,1,17,9,8
61,100,0,19,49,14
69,3999,1,20,16,11
59,575,0,19,27,5
74,1132,1,19,23,20
55,100,0,19,11,5
25,369,0,21,25,11
41,340,0,18,19,17
51,1131,0,20,10,5
15,2539,1,19,27,15
74,1308,1,18,12,10
62,1766,1,17,10,12
63,2261,1,19,34,19
44,1914,1,19,26,21
63,1225,0,18,27,10
9,1320,1,18,6,9
44,1458,0,20,68,18
34,2596,1,20,32,10
44,1828,0,18,23,11
39,3451,1,19,14,5
42,599,0,19,59,12
25,100,0,19,15,6
32,1297,1,19,14,5
19,1563,1,7,30,10
43,1979,1,19,35,10
70,748,1,2,19,11
39,1333,1,21,21,11
48,1501,1,21,19,10
19,524,0,17,20,14
74,4435,1,18,29,17
44,1656,1,18,28,16
66,1975,1,19,21,12
73,826,0,17,33,5
43,4659,1,16,28,10
73,100,0,19,55,11
14,1141,1,21,24,15
28,2752,1,20,19,9
69,100,1,19,26,11
74,718,0,19,13,14
74,1780,1,20,23,11
45,1142,1,20,36,19
20,1315,0,17,47,5
12,4496,1,20,17,17
27,1668,1,17,61,11
27,1670,1,20,22,11
26,100,0,18,24,17
74,1125,0,19,46,17
64,1675,1,19,11,17
64,100,0,19,59,12
38,899,0,18,60,5
61,385,0,19,41,11
30,721,0,19,40,11
53,100,0,19,12,5
12,100,0,20,45,11
37,6344,1,18,20,18
26,5942,1,11,65,11
69,927,1,3,29,9
63,2972,1,19,37,9
35,2381,1,17,32,11
63,1620,1,17,26,20
69,1399,0,18,42,5
58,100,0,20,51,12
74,1406,1,18,19,5
71,1236,0,19,20,5
74,474,0,19,14,5
74,243,0,20,52,11
41,377,0,18,24,12
74,1116,1,19,22,10
56,3810,1,17,18,11
41,289,0,17,63,14
33,1096,0,17,33,13
65,1015,1,18,25,10
22,1067,0,19,59,5
26,225,0,20,27,9
74,670,1,18,27,17
64,2104,1,20,27,15
35,1500,0,20,40,14
34,9213,1,18,28,12
57,169,0,18,56,13
30,3270,1,20,22,10
43,1459,0,18,16,19
53,749,0,19,18,5
23,3773,1,18,25,20
47,808,1,18,23,5
34,2234,1,19,22,12
65,1730,0,17,13,11
69,100,0,18,53,14
62,4637,1,18,18,20
66,2297,0,20,58,15
36,1671,1,15,22,5
23,1007,0,18,58,10
34,101,0,18,15,5
16,1018,0,18,30,13
74,100,0,20,51,7
26,1807,1,20,20,10
63,1434,1,18,31,12
65,3240,1,20,26,11
66,3913,1,19,25,14
30,546,0,20,40,5
74,1395,1,18,16,7
71,100,0,20,16,5
26,213,0,20,17,15
69,2444,1,9,15,11
33,725,1,18,66,12
55,367,0,20,13,11
33,1928,1,20,14,10
67,1055,0,18,31,14
33,1373,0,17,56,6
44,1767,0,18,68,14
74,2868,1,20,23,11
39,1580,1,20,23,10
27,2035,0,19,68,16
74,4941,1,19,36,14
60,1140,1,18,17,16
48,969,0,20,19,13
57,842,0,19,9,7
73,507,0,19,19,10
46,2488,1,19,16,6
59,1110,0,19,7,15
22,1471,0,17,22,13
56,3035,1,20,16,11
63,100,0,18,24,5
40,1867,0,18,67,15
25,1185,1,20,21,11
51,1147,1,19,9,11
74,1115,0,20,23,10
49,297,1,20,19,9
14,1705,1,18,28,14
74,839,1,19,29,17
25,1186,0,18,62,13
19,313,0,16,20,12
68,900,0,19,26,6
53,1078,0,20,31,17
38,660,0,18,18,15
57,298,1,19,24,11
48,1428,1,19,20,11
69,873,0,20,25,5
19,2885,1,12,30,16
66,792,1,21,29,11
49,773,0,20,27,17
57,246,1,21,23,12
69,1348,0,19,17,10
65,649,0,19,31,21
74,1681,0,18,18,18
23,2193,1,20,17,11
59,924,1,18,22,6
28,3957,1,9,20,11
33,2187,1,20,23,15
53,2562,1,17,26,12
74,3207,1,18,28,10
29,4765,1,18,10,9
71,2287,1,18,24,5
61,4792,1,17,4,12
36,266,1,19,22,15
59,1447,1,16,30,12
21,1552,1,18,16,10
74,5031,1,20,33,10
30,1396,1,18,13,11
56,4513,1,18,28,5
66,1670,1,19,29,10
70,1574,1,19,10,12
74,3835,1,19,23,10
40,2357,0,16,64,17
74,4345,1,19,15,19
32,3714,1,18,29,6
56,5239,1,18,33,11
26,1362,0,18,21,5
23,964,0,18,62,16
22,760,0,17,50,16
44,1969,1,19,10,11
43,515,0,20,31,5
40,3288,1,20,23,13
73,1441,1,19,20,11
52,100,0,20,43,5
39,1784,0,19,35,11
57,7464,1,18,22,14
74,2466,1,18,18,9
49,870,0,18,30,14
72,1617,0,19,24,5
46,1606,1,18,19,10
40,2125,1,18,27,13
31,2557,1,18,9,11
35,1226,0,20,11,6
26,796,1,20,21,10
41,2795,1,20,15,21
70,885,1,20,20,12
37,739,0,20,32,15
37,3689,1,18,26,11
15,2266,1,19,13,10
41,651,1,16,11,10
73,1275,1,18,6,18
74,2156,1,20,23,12
4,1312,0,20,8,20
41,2197,1,17,28,12
40,1456,0,19,62,14
64,1721,0,18,26,17
26,2751,1,17,20,5
17,3149,1,16,16,10
5,3856,1,19,12,19
40,1133,0,20,10,5
55,452,1,17,16,18
39,884,0,19,7,11
36,900,1,19,19,5
48,1961,1,19,17,11
25,3957,1,21,18,11
68,5723,1,19,5,20
35,100,1,17,60,11
74,1337,1,18,27,12
25,1033,0,19,22,15
67,1666,0,18,16,5
74,1088,0,17,25,16
21,100,0,20,8,5
17,100,0,20,32,5
69,408,0,18,28,14
74,1894,0,17,42,15
63,242,1,18,49,13
59,220,0,19,7,6
20,4583,1,17,13,13
33,100,1,19,22,5
30,1650,1,19,17,11
66,138,1,20,18,11
62,1234,1,21,16,11
72,586,0,19,19,17
30,4448,1,19,22,10
9,1102,0,19,24,6
46,1054,1,18,27,22
67,2774,1,77,25,11
30,1532,1,18,18,19
32,1302,0,18,18,5
14,124,0,17,16,5
62,2489,1,18,25,16
48,1021,1,20,18,9
64,3639,1,19,20,12
15,2049,0,5,49,5
29,1621,0,18,55,17
17,1234,0,17,48,16
71,3056,1,19,22,12
67,2175,1,17,10,9
31,1067,1,18,27,15
40,2077,1,20,1,12
14,1182,0,17,46,15
74,261,0,19,41,5
34,1306,1,20,29,17
73,1041,0,19,20,7
25,1585,1,18,13,22
68,1563,1,19,14,11
36,1948,1,19,19,15
65,1189,1,18,18,14
44,259,0,18,36,15
70,2730,1,19,33,13
63,1019,0,20,37,18
64,1113,0,20,18,14
36,1504,1,20,6,11
68,568,1,18,20,5
39,4355,1,19,20,10
30,1266,1,21,31,11
37,5529,1,17,24,15
74,1988,0,19,40,11
29,4725,1,19,23,17
59,962,1,19,10,10
59,3496,1,85,28,5
15,1366,1,19,3,11
39,100,0,18,25,15
37,100,0,18,21,5
74,217,0,19,14,11
73,2071,1,11,13,16
67,1211,0,20,27,14
74,145,0,19,19,14
56,1820,1,19,23,10
15,284,0,20,28,5
31,4441,1,18,27,16
25,1593,1,20,19,14
74,312,0,18,29,17
44,3142,1,19,22,12
59,843,0,19,23,5
33,2275,1,20,16,18
74,1414,0,18,64,9
30,4668,1,18,24,10
41,1503,1,19,47,10
36,2632,1,17,25,16
47,2390,1,19,18,7
65,1221,0,17,10,5
74,1288,0,20,12,13
50,1067,1,17,36,19
28,3433,1,20,22,19
36,1595,0,19,54,14
74,729,0,19,19,5
74,1383,0,17,60,15
40,1103,1,18,16,17
61,1606,1,19,13,10
53,2519,1,18,21,11
70,1721,1,18,23,13
74,904,1,17,43,10
11,512,0,19,66,11
40,430,0,19,49,16
74,2193,1,8,19,11
74,100,1,18,24,10
49,2556,1,31,14,10
69,1080,1,19,21,9
74,910,0,18,15,5
26,1439,1,18,18,11
25,1665,1,18,17,21
36,1037,0,20,45,11
22,765,0,17,23,11
52,3429,1,18,37,20
44,106,0,20,68,14
71,224,0,20,48,5
74,2634,1,21,10,15
56,1183,1,7,16,9
33,1546,1,18,19,11
74,4429,1,54,10,11
31,1146,1,19,26,10
14,1556,0,21,13,11
30,358,0,19,9,5
44,135,0,18,30,5
74,862,1,19,15,10
20,603,0,18,58,5
74,1894,1,19,19,12
15,1329,0,20,55,16
43,854,0,20,39,16
21,505,0,17,35,16
44,100,0,18,31,19
45,2054,1,3,29,11
74,2475,0,20,6,20
47,100,0,19,65,10
28,1224,1,17,18,14
53,3656,1,9,11,5
67,3105,1,56,13,17
25,3401,1,19,68,11
71,396,0,20,25,16
34,2851,1,18,32,5
53,218,1,19,29,11
31,1608,1,52,32,14
72,1316,0,18,62,5
60,880,1,18,19,12
64,534,1,17,23,11
41,952,0,20,25,11
24,100,0,19,23,14
53,698,0,18,14,6
27,1365,1,19,24,10
36,1764,0,19,44,6
47,2074,1,16,20,11
36,1569,1,17,30,19
43,297,1,17,23,6
69,276,0,17,51,5
39,2303,1,19,20,5
37,2667,1,18,28,11
34,3476,1,19,15,16
30,1130,0,21,60,13
37,2173,1,17,21,14
49,1367,1,19,14,6
26,1109,1,18,26,10
16,5477,1,18,19,10
30,1740,1,17,30,17
28,1363,1,8,23,16
27,1539,1,19,22,12
3,141,0,20,65,13
42,1005,1,19,20,6
27,870,0,19,39,5
73,3380,1,18,25,10
70,3882,1,18,20,12
5,1252,0,20,64,13
74,1154,0,19,16,18
62,1828,1,20,16,12
39,2595,1,20,17,16
74,4343,1,19,32,11
30,1362,0,18,25,19
38,1579,1,20,25,16
19,6628,1,18,17,11
41,844,1,18,25,19
21,544,0,18,68,6
39,1065,1,21,22,16
19,219,1,18,23,5
54,100,0,18,66,5
74,2035,1,19,33,15
27,100,0,18,68,13
35,1262,1,17,18,10
74,2893,1,18,18,16
23,956,0,20,38,5
40,459,0,20,5,20
25,5558,1,21,12,10
74,1896,1,18,7,20
73,602,0,20,55,14
19,653,0,19,19,16
33,1170,0,18,43,16
26,2360,1,19,33,10
24,1622,0,19,22,14
24,1213,0,18,41,5
68,640,0,18,37,17
72,1696,1,17,24,15
54,100,0,18,37,16
33,1749,0,18,24,17
74,100,1,17,14,5
57,1358,0,19,40,16
36,1871,0,18,12,16
60,634,1,19,17,5
28,1690,1,19,23,10
39,3269,1,19,31,17
74,1185,0,19,25,14
71,755,1,21,37,5
53,1307,0,19,68,19
35,978,0,18,48,6
74,1041,0,19,51,18
62,2346,1,17,18,12
62,1100,0,18,59,15
53,1976,1,18,22,11
29,3896,1,20,25,10
48,882,1,19,28,18
69,133,1,20,22,5
33,1302,1,18,44,6
38,1097,0,17,61,5
67,967,1,19,18,19
60,755,1,19,27,13
66,863,1,19,29,5
59,3640,1,13,13,17
68,1894,1,19,20,10
25,3361,1,17,26,7
74,100,0,18,64,5
74,1654,0,19,14,13
47,1383,1,17,16,16
60,251,0,19,23,5
25,1047,0,19,42,15
62,2509,1,18,18,11
74,4641,1,20,18,11
24,489,0,19,44,16
73,4647,1,18,16,11
32,4401,1,19,39,17
72,1499,1,19,17,11
41,883,0,19,15,16
24,1139,1,20,20,9
74,494,1,18,22,11
64,841,0,20,31,12
31,2466,1,17,22,11
44,1379,0,19,27,14
25,3260,1,19,8,9
74,944,1,12,18,5
55,1729,1,19,25,17
74,172,0,20,21,10
74,769,1,19,29,12
25,1275,1,18,21,12
24,1531,0,20,20,14
32,1271,1,18,18,10
43,1598,1,19,32,14
63,1855,1,18,17,11
15,5581,1,19,16,10
56,1302,0,18,39,16
46,358,0,18,23,15
45,970,1,19,18,10
70,3790,1,17,30,14
54,2215,1,18,20,16
45,3979,1,43,13,12
27,1555,0,18,33,17
59,100,0,21,15,10
74,4689,1,19,18,11
48,4825,1,19,18,11
74,1242,0,18,54,15
68,1386,0,19,68,18
5,972,1,18,26,11
33,100,1,19,23,11
32,722,0,19,30,16
40,4512,1,20,10,15
69,908,0,20,40,12
72,4550,1,19,18,18
66,990,0,17,49,14
35,2063,0,19,51,5
35,2073,1,18,21,11
59,4910,1,53,24,16
48,1449,0,20,23,17
74,540,1,18,1,10
64,100,0,19,17,5
74,1101,1,20,21,10
41,1754,0,19,9,15
59,993,0,17,36,17
40,4461,1,20,25,19
68,259,1,18,29,18
31,100,0,20,46,10
70,100,1,20,15,14
66,1057,0,18,21,12
67,1483,1,19,18,10
39,2052,1,19,21,11
45,1217,0,20,41,11
23,100,0,19,20,14
36,1141,1,19,26,12
71,472,0,18,12,5
69,2088,1,18,26,5
43,2165,1,17,54,5
64,2012,1,19,22,9
40,816,1,19,17,11
44,1866,1,17,24,15
30,1895,0,19,61,7
51,955,1,19,23,11
32,926,0,19,43,5
20,1052,0,17,24,6
33,3051,1,19,32,11
22,673,0,18,40,8
74,591,0,17,11,11
64,1711,0,20,13,11
74,835,1,20,33,5
67,2993,1,20,68,9
73,3479,1,18,16,19
34,5393,1,19,26,11
73,100,0,20,11,11
47,3924,1,18,13,17
30,3796,1,17,25,11
27,4732,1,18,52,12
66,787,0,19,20,17
50,4031,1,13,36,17
46,5125,1,19,22,11
69,100,1,18,52,12
55,220,0,19,68,15
60,2126,0,18,47,17
71,1187,0,19,21,14
25,873,1,18,28,15
42,3563,1,18,22,5
28,841,0,20,61,14
7,794,0,19,25,18
38,3709,1,17,19,17
37,424,0,18,12,15
59,2444,1,16,16,10
10,1615,1,20,47,15
58,1013,0,19,23,5
44,2123,1,18,18,11
52,1859,0,18,22,19
72,4550,1,18,30,12
62,100,0,20,16,5
47,5261,1,19,17,11
74,5528,1,19,10,12
28,1384,1,17,16,17
58,1650,1,18,15,18
38,672,1,20,35,10
45,2198,0,20,18,18
31,100,0,16,20,9
69,100,0,19,20,5
72,316,0,19,2,10
29,1389,1,19,16,11
56,1242,0,19,45,15
16,100,0,19,43,14
62,906,0,18,16,6
24,1065,1,18,18,11
62,523,0,18,26,5
12,3054,1,19,10,5
39,518,1,21,29,5
37,3225,1,19,21,11
31,1349,0,18,11,18
68,2717,1,17,14,11
52,4377,1,19,17,10
51,218,1,19,17,10
73,1471,0,19,21,19
72,1414,1,17,10,12
68,677,1,21,22,11
40,1342,0,17,15,10
56,801,1,21,68,10
19,4435,1,19,12,5
53,100,0,17,10,5
37,1917,1,20,68,13
21,571,0,19,68,13
20,1328,0,20,24,10
74,1972,0,18,20,11
21,761,0,20,19,5
25,2206,0,19,16,15
40,6821,1,19,26,11
60,749,0,19,21,11
64,3878,1,19,11,5
20,660,0,16,34,15
36,2018,1,19,18,10
44,398,0,19,21,5
74,4034,1,19,7,11
55,10000,1,12,22,20
38,2334,0,19,48,6
61,1757,1,19,14,6
55,647,0,19,19,5
25,100,0,18,46,17
72,100,1,19,25,10
70,4658,1,19,31,5
10,5232,1,19,21,6
37,1730,1,19,16,11
48,1103,0,20,1,15
69,185,1,16,26,18
62,693,0,20,11,15
57,669,0,20,4,10
32,163,1,17,13,11
74,183,0,18,57,10
22,1279,0,21,32,12
45,1396,0,21,32,13
71,954,0,19,65,15
37,2770,1,20,31,10
5,1366,0,17,10,5
65,241,0,18,56,10
74,852,0,19,28,13
27,303,0,19,7,5
69,1971,0,18,25,15
71,1071,1,20,20,10
24,905,1,19,14,11
58,1331,0,19,38,10
41,1657,0,19,68,16
39,998,1,20,18,22
23,1320,0,20,10,16
30,1015,0,19,28,17
63,474,0,19,19,12
35,3366,1,17,20,11
27,423,1,20,17,6
49,2391,1,19,20,16
68,185,1,18,24,15
60,868,0,17,51,16
46,1682,0,20,23,16
46,4265,1,17,20,18
64,1153,0,19,20,13
74,1213,1,18,16,10
43,846,1,19,26,10
16,100,0,17,7,6
69,482,0,19,38,10
52,349,0,20,35,5
74,1308,1,17,24,12
25,1837,1,19,33,16
11,2712,1,17,22,5
74,1446,1,4,26,12
23,1545,0,19,22,16
50,577,0,19,26,5
32,305,0,20,59,10
39,646,0,17,35,11
26,1617,1,20,22,20
58,100,0,20,47,11
50,1777,1,17,28,11
20,772,0,19,61,5
41,4285,1,18,14,16
74,3382,1,18,29,12
30,1427,0,20,62,9
57,470,0,21,11,5
74,3575,1,18,14,11
67,3233,1,20,12,11
74,155,1,19,34,11
62,741,0,18,40,6
28,950,1,18,35,10
66,780,0,20,63,10
28,527,0,18,20,18
24,1512,0,19,34,17
35,897,0,18,15,5
66,1317,0,19,64,16
74,100,1,19,15,5
64,1611,0,17,68,11
22,100,0,19,56,17
72,1071,1,20,30,10
57,788,0,19,49,18
33,953,1,19,19,18
66,1267,1,9,14,21
49,206,0,20,57,7
49,1187,1,20,24,6
64,223,0,19,13,16
53,575,1,19,21,10
32,739,0,18,32,10
69,100,0,18,60,15
57,100,0,20,26,13
74,1085,1,19,22,11
28,3310,1,19,21,10
58,1411,1,19,66,12
31,1413,0,19,35,5
22,1808,1,16,23,11
13,1656,1,18,30,17
52,622,0,19,29,13
51,3111,1,17,22,12
34,1753,0,18,23,10
16,582,0,20,33,11
71,100,0,20,21,14
38,333,0,19,19,15
74,4889,1,15,19,10
47,100,0,19,60,5
61,818,0,20,36,8
14,2076,1,20,18,10
35,310,0,19,68,5
66,100,0,20,25,10
10,235,0,19,12,5
34,1278,0,18,34,10
33,1059,1,19,30,10
11,1841,1,13,21,11
1,1573,0,19,18,20
59,2343,1,18,15,11
57,506,0,19,40,16
33,1251,0,19,17,5
74,782,1,20,23,5
54,4389,1,20,28,11
64,1525,1,18,25,11
20,5268,1,19,32,5
21,1760,1,18,19,20
69,100,0,18,60,6
32,964,1,20,25,10
57,513,0,19,45,5
38,3830,1,20,18,13
42,4869,1,18,31,20
26,2189,1,18,26,22
37,2238,0,18,21,16
42,1155,0,16,42,19
74,100,0,19,44,15
20,5003,1,19,25,15
30,801,0,17,23,5
6,737,0,17,32,16
70,5519,1,18,16,18
20,373,0,21,21,15
12,2055,1,18,26,10
45,1888,1,19,26,18
74,1431,1,17,25,17
72,346,0,19,43,10
56,405,0,20,12,6
63,3303,1,19,11,12
24,1066,1,17,18,11
70,1615,1,20,20,10
38,5435,1,18,68,18
35,4629,1,19,36,12
74,1990,1,20,26,21
71,1304,1,19,46,18
23,2366,1,19,18,11
74,300,0,18,42,6
34,2158,1,18,24,21
16,100,0,19,19,13
28,5607,1,20,16,16
23,1227,0,18,39,17
21,1245,0,20,50,14
30,1219,1,19,11,11
39,737,0,18,67,15
55,3054,1,20,20,11
74,100,1,17,12,6
74,100,0,21,9,18
13,962,1,19,30,10
69,100,0,19,27,10
37,5496,1,17,11,16
48,9415,1,20,30,15
34,5300,1,18,9,11
34,4378,1,21,22,10
17,2350,0,19,39,21
74,1610,1,18,30,11
52,517,1,18,14,10
63,608,1,18,22,15
22,1790,1,18,24,10
36,1907,1,17,25,10
53,100,1,21,20,11
33,126,0,19,63,13
36,2082,1,20,18,12
69,3991,1,19,17,6
55,3784,1,17,15,10
34,246,0,19,45,10
58,738,1,20,19,10
47,722,0,19,9,5
51,512,0,18,50,10
44,3029,1,19,17,5
74,1234,1,19,24,10
33,247,0,20,19,5
30,5893,1,19,13,11
57,471,1,16,24,19
21,561,0,18,68,5
42,100,0,18,17,10
25,1756,1,18,16,10
14,1375,1,17,12,17
26,698,0,19,33,10
21,969,0,20,28,17
62,1834,0,20,21,10
74,573,1,19,27,10
73,1643,1,20,23,13
70,1751,0,19,30,15
30,1405,1,17,23,10
74,759,1,17,20,10
67,1224,1,19,23,5
43,428,1,20,19,10
40,4395,1,19,27,5
23,1399,0,18,23,16
35,777,0,17,48,10
39,661,0,19,16,17
66,761,1,3,23,11
60,620,1,17,17,12
22,1624,0,18,15,10
56,1473,0,20,11,15
74,2435,0,18,20,20
43,2334,1,20,25,14
71,522,1,17,12,16
49,234,0,17,64,20
74,2354,1,19,63,14
64,1720,1,19,17,12
23,5979,1,20,21,17
40,2823,1,18,32,10
63,1402,0,18,19,16
74,1445,1,18,24,11
72,1070,1,17,16,6
33,130,0,19,28,12
73,2909,1,17,19,13
61,100,0,19,17,7
61,983,0,18,9,5
20,351,0,18,19,11
41,4391,1,19,19,11
65,997,1,19,21,11
71,997,0,18,35,18
68,3960,1,18,13,10
74,1598,1,19,18,12
26,2215,0,19,21,5
26,1171,1,18,24,10
46,1615,1,18,13,10
38,3450,1,18,23,15
45,2024,1,20,20,11
26,857,0,20,21,6
50,2118,1,11,22,6
38,1617,0,17,58,6
67,1558,1,19,11,10
53,667,1,20,7,5
74,1472,1,17,29,16
30,1402,0,19,29,18
63,1076,1,20,16,11
29,1829,1,18,60,13
70,3205,1,19,23,12
31,872,0,19,37,16
70,1839,0,19,17,6
45,4701,1,19,29,12
33,317,0,19,40,10
13,2897,0,19,68,14
64,1068,1,20,20,10
63,3042,1,20,21,10
33,1877,1,19,22,12
70,663,0,19,45,7
51,1729,1,18,15,7
38,3678,1,18,20,10
64,1250,1,19,17,20
38,2013,0,18,41,10
74,828,1,21,11,11
23,932,0,18,21,5
63,483,0,19,29,16
66,2615,1,17,14,17
30,1334,0,19,30,5
55,3858,1,18,29,11
74,1111,0,19,68,9
32,3931,1,17,14,18
65,610,1,11,17,10
36,5093,1,20,15,19
62,1914,0,19,18,5
11,1448,0,18,3,13
46,1484,0,18,66,9
32,1107,1,18,17,15
68,100,0,20,19,11
35,1113,0,18,14,7
51,3586,1,18,19,15
62,2354,0,19,28,17
58,1869,0,18,15,15
45,1974,1,18,20,19
17,414,0,18,16,10
71,151,1,17,13,12
37,1603,0,18,27,15
46,541,1,20,31,18
43,201,0,18,30,13
22,210,0,19,47,5
51,210,0,19,12,5
44,1991,0,18,65,19
28,1286,0,19,30,16
35,2457,1,18,22,11
74,1671,1,18,27,9
69,4867,1,19,18,21
74,788,1,19,18,11
71,4548,1,19,26,14
21,4142,1,17,16,10
22,2086,1,19,23,9
18,1233,0,20,29,14
20,678,1,18,30,10
22,5715,1,20,14,10
54,100,0,16,6,13
41,341,0,19,42,16
37,100,0,19,25,9
65,1822,0,21,20,6
29,752,0,18,20,14
69,3158,1,20,18,8
27,1242,0,19,64,11
74,1446,1,18,32,13
22,1055,0,19,18,12
74,335,1,19,20,11
34,581,1,19,18,10
71,1246,1,18,36,18
50,4618,1,41,21,10
66,418,0,17,49,10
34,3476,1,18,18,19
30,2256,0,19,32,11
74,4216,1,19,18,16
56,2053,1,20,13,11
74,960,1,18,21,16
58,4637,1,19,20,10
74,460,0,18,41,15
37,772,0,18,60,5
42,2077,1,20,10,10
66,785,0,19,33,11
60,2097,1,18,15,11
63,840,1,20,22,9
74,1476,1,15,29,10
30,887,1,16,27,10
31,979,0,19,63,17
41,5186,1,19,15,16
33,2494,1,20,20,11
71,1702,1,20,31,10
21,1709,0,17,42,16
41,4517,1,14,18,17
32,1114,1,17,10,11
63,1284,0,18,13,19
71,1595,1,18,23,10
60,1370,1,20,7,15
40,794,0,19,54,15
46,2475,0,19,10,16
8,6063,1,19,18,11
71,4356,1,22,22,15
16,100,0,19,23,13
36,4619,1,18,28,16
20,3236,1,19,20,5
42,2202,1,19,30,11
58,875,0,20,17,14
74,705,0,19,19,20
37,1611,1,19,28,11
65,1918,0,18,20,15
74,1344,1,19,27,5
40,567,1,19,21,10
58,2513,1,17,26,6
13,3049,1,21,13,11
27,4803,0,18,42,11
43,2105,1,19,21,12
26,2030,0,19,26,17
21,1526,0,20,48,5
13,1729,0,20,68,10
74,4260,1,19,14,12
22,1349,1,18,28,10
41,605,0,20,62,18
49,1260,0,20,12,16
74,1304,0,19,1,12
71,1277,0,20,28,15
64,1038,1,19,12,12
34,2390,1,18,30,10
26,715,0,20,24,5
16,1057,0,20,49,20
66,3632,1,18,21,11
71,3542,1,18,13,10
57,575,0,19,15,19
74,1702,0,19,45,5
56,3566,1,17,13,12
65,341,0,18,24,5
69,1637,0,18,45,13
43,1605,1,18,20,12
63,100,1,17,17,5
28,1294,0,19,11,9
45,175,0,18,20,5
71,471,1,21,36,11
41,2711,1,19,23,10
50,262,0,19,33,17
23,1389,1,19,6,19
36,5021,1,19,31,10
62,3825,1,19,68,12
35,4403,1,17,13,11
67,1282,0,17,48,5
39,5476,1,19,16,18
62,1020,0,20,16,5
12,4818,1,18,15,10
49,1988,1,19,23,10
33,818,0,19,18,5
65,2659,1,7,18,19
22,1236,0,16,17,13
18,1447,1,20,23,11
34,789,0,19,21,10
67,2441,1,18,12,5
28,1413,0,19,39,18
22,1080,0,19,25,9
60,1598,0,18,50,10
65,3099,1,17,26,9
21,1485,1,19,19,11
68,507,1,18,28,11
69,1622,0,20,10,18
21,617,1,21,18,11
22,4333,1,19,19,9
36,2087,1,17,36,11
58,1362,0,21,42,12
41,912,0,19,41,5
41,3978,1,20,27,9
29,1180,1,20,21,10
26,722,0,18,68,13
40,4730,1,19,7,17
71,1623,1,18,68,11
74,4676,1,20,21,12
74,3603,1,18,24,18
72,1040,1,17,32,10
58,1024,1,19,11,11
74,945,1,20,64,16
33,1955,1,19,12,19
7,1369,0,19,68,6
74,7989,1,20,23,12
28,731,1,20,19,18
30,1145,1,18,23,11
35,247,0,17,58,14
24,1865,1,19,28,11
49,4629,1,18,16,14
73,880,1,20,18,11
20,1384,1,15,17,16
49,6711,1,1,28,10
63,834,1,19,16,11
28,5201,1,17,15,16
19,1556,1,19,49,15
74,4849,1,19,17,5
40,770,0,19,43,16
34,871,0,20,13,11
49,1181,0,19,12,6
22,1769,0,19,50,11
70,4710,1,19,20,20
71,3984,1,16,18,16
54,1766,1,19,12,6
59,4990,1,18,12,19
57,1012,0,19,35,14
44,1695,0,19,53,13
45,2886,1,17,21,12
62,100,1,19,18,11
30,3894,1,17,19,10
65,117,0,20,14,5
35,1583,1,11,49,5
36,2061,1,19,21,11
13,553,0,19,20,19
32,731,0,18,68,16
70,3107,1,19,18,17
22,4200,1,19,21,5
56,2722,1,18,25,13
32,10000,1,18,24,10
28,1916,1,18,17,5
63,1995,1,19,30,15
17,1189,0,19,31,11
67,897,0,20,61,18
74,1668,0,17,26,18
32,100,0,16,47,11
13,214,0,18,60,16
44,688,0,18,68,18
74,100,0,19,14,13
47,656,1,18,12,11
65,621,1,18,15,20
65,1672,1,21,4,12
39,4627,1,18,18,12
56,3331,1,19,16,10
33,1675,0,19,33,18
24,1413,0,20,26,15
37,527,1,18,34,10
9,5257,1,20,32,10
23,1099,0,20,49,9
24,1293,1,17,19,9
33,1400,0,20,50,17
74,2289,1,17,31,11
74,1639,0,19,26,5
37,1745,0,19,61,15
47,2311,1,18,67,10
35,1697,0,20,37,16
34,5736,1,19,11,15
46,3607,1,19,20,7
16,1564,1,18,19,5
33,4794,1,19,22,12
25,365,0,19,26,9
57,1439,1,19,2,6
56,258,0,18,68,13
29,182,0,19,22,5
30,100,0,17,35,5
45,4977,1,18,27,11
41,1149,1,18,65,11
48,732,1,19,22,10
68,4490,1,19,33,16
74,600,0,18,18,14
19,100,1,18,10,10
74,934,1,19,20,11
59,796,1,18,15,21
34,2148,0,19,61,10
44,2559,1,17,32,18
20,1277,0,20,33,19
38,100,1,19,25,12
53,574,0,18,10,21
43,3325,1,20,17,10
26,1167,0,20,26,14
74,1046,0,20,44,16
42,4953,1,20,18,10
69,870,1,20,47,12
25,2201,0,19,30,5
63,100,1,17,24,12
67,1248,0,21,21,11
45,452,0,21,14,11
74,893,0,19,14,19
67,3008,1,21,20,17
65,1122,1,18,14,11
35,1232,0,19,23,6
43,455,0,16,20,11
38,100,0,18,31,13
29,1399,0,19,25,5
53,866,1,21,20,6
30,689,0,19,19,5
57,5432,1,3,51,11
74,1162,0,20,46,7
29,182,0,18,58,6
37,720,0,19,25,11
35,5426,1,19,56,17
59,4091,1,19,12,16
50,2381,1,19,12,18
37,257,0,19,67,11
31,314,1,17,15,10
66,4478,0,19,21,10
37,751,0,19,68,17
74,929,0,17,38,16
27,1071,1,19,32,10
74,1483,1,21,27,10
73,633,0,19,23,12
73,1881,1,18,20,18
61,273,0,18,62,20
53,4217,1,18,15,12
42,1811,0,19,12,16
42,147,0,18,24,14
29,1031,0,18,56,13
69,3406,1,19,28,11
74,3307,1,19,17,6
35,247,0,20,23,17
60,1625,1,18,27,10
58,100,1,63,20,11
73,4401,1,19,20,11
66,100,0,18,21,14
64,1459,0,18,34,9
46,1115,0,20,18,19
15,4067,1,19,15,18
49,763,0,18,25,10
50,1205,1,18,42,10
40,462,0,20,32,10
54,762,0,18,30,20
43,2431,1,20,28,6
53,312,0,18,42,14
22,814,1,18,14,11
74,777,0,17,19,21
48,1682,1,20,21,12
28,1053,0,18,18,5
30,553,1,16,25,16
74,4359,1,18,14,12
52,352,0,17,39,12
74,100,0,18,68,10
69,3935,1,20,32,18
74,884,0,20,20,20
11,488,0,18,30,15
68,1623,0,19,11,15
45,299,0,19,17,13
65,1402,0,18,68,16
14,2171,1,19,19,9
66,4247,1,17,20,12
37,946,0,16,39,5
44,1991,0,20,21,6
74,3484,1,18,17,16
41,1896,0,19,56,15
39,728,1,18,22,15
39,2931,1,17,24,10
46,1115,1,20,26,16
35,5065,1,19,23,12
50,100,0,18,14,16
66,761,0,20,30,6
42,284,0,21,21,18
21,3921,1,21,28,12
32,6250,1,17,11,16
69,1055,0,21,10,18
46,5815,1,20,68,10
61,100,0,18,20,12
73,2879,1,19,14,6
21,5118,1,19,68,18
71,100,0,19,25,15
41,343,1,18,21,11
55,296,0,18,56,5
16,5157,1,18,24,12
50,817,0,20,45,10
36,1558,1,17,24,11
66,464,1,83,30,10
36,4744,1,18,15,12
64,418,0,20,36,6
74,1045,1,18,26,12
30,1586,0,19,58,11
65,10000,1,19,10,18
74,1061,0,19,11,5
68,766,1,20,26,18
34,1267,0,20,61,11
53,1340,0,16,26,10
74,987,1,19,14,10
29,1767,0,19,41,12
29,751,0,19,66,6
60,100,0,20,56,5
61,100,0,18,18,7
21,1616,1,19,20,12
62,322,0,18,12,14
25,1540,0,18,55,18
30,3829,1,21,18,17
47,3591,1,21,18,15
28,100,0,19,18,9
3,885,1,21,8,7
43,1469,1,19,27,11
38,5823,1,10,20,6
74,3371,0,17,17,22
55,100,0,18,32,10
25,1406,0,18,67,14
38,790,0,21,28,14
25,2345,1,19,18,14
54,5668,1,19,11,18
21,577,0,20,42,15
44,4410,1,20,13,10
74,1197,0,19,22,7
34,1464,1,18,13,11
10,1750,0,19,9,17
19,1480,0,19,46,15
61,1088,0,19,10,11
32,2070,1,19,14,5
74,1619,1,19,34,18
64,612,0,17,44,14
74,100,0,20,17,10
21,1175,1,18,1,10
34,2518,1,19,12,19
74,100,1,21,17,12
29,821,1,20,20,11
59,493,0,18,28,15
58,1676,0,18,67,19
35,1127,0,20,50,5
30,1236,0,17,25,6
47,5332,1,18,24,11
73,1513,1,19,28,10
29,4134,1,18,25,17
25,5695,1,20,35,19
68,1079,0,19,19,14
74,2328,1,1,21,16
1,1591,1,17,8,5
30,5075,1,19,22,11
34,100,0,20,15,11
25,100,0,18,67,10
54,5606,1,19,19,11
55,1307,1,17,16,17
47,3795,1,19,19,5
4,967,1,19,1,10
59,483,0,17,60,18
19,1293,0,20,27,15
39,4718,1,18,45,15
46,4142,1,20,17,9
54,397,0,20,36,11
43,1595,1,20,20,11
32,2885,1,20,34,8
37,4109,1,18,15,5
40,708,0,19,36,15
60,2526,1,17,9,22
69,691,0,19,35,17
34,1832,0,20,47,17
27,1428,1,16,25,14
42,2913,1,19,26,17
29,801,0,18,1,6
74,4054,1,20,19,15
68,1712,0,17,57,6
31,1061,0,19,13,10
74,911,1,19,38,16
50,597,1,19,5,11
72,2571,1,17,23,20
26,1051,0,18,55,13
24,1754,1,20,26,10
24,1677,0,19,25,13
46,2182,0,19,68,11
61,1147,0,17,42,5
69,441,0,18,57,5
34,100,0,19,25,6
42,2731,1,20,23,10
25,1119,0,19,41,5
46,319,0,20,1,18
42,246,0,20,30,5
73,1216,0,18,14,11
74,5068,1,19,22,20
74,870,1,19,25,10
1,980,0,20,15,5
40,1025,1,19,6,10
40,4656,1,18,20,10
74,187,1,19,21,10
66,686,0,20,26,9
39,1141,1,18,20,11
15,796,0,19,47,5
34,1639,1,18,27,10
32,1101,1,20,15,10
31,572,1,20,28,11
74,505,1,21,20,10
25,2439,1,18,16,9
51,373,0,18,41,5
72,5276,1,20,20,10
19,1577,0,17,33,20
74,396,1,18,26,10
74,793,0,20,15,18
73,626,0,20,10,11
57,2318,1,19,19,6
39,1238,1,19,20,9
36,5307,1,14,26,15
36,5941,1,1,31,11
23,4284,1,5,68,14
26,1203,0,21,68,22
74,372,0,18,34,10
20,613,0,20,27,5
71,4129,1,21,18,11
29,1345,1,4,67,10
42,2072,0,18,15,19
69,2051,1,20,14,18
74,3554,1,17,33,11
74,1117,1,18,32,11
33,3509,1,19,16,10
12,1658,0,19,62,19
54,477,0,19,25,15
40,863,1,15,45,11
29,1313,1,18,10,12
26,795,0,20,42,14
74,3471,1,18,21,20
31,681,0,20,57,11
74,1041,1,18,19,14
31,4385,1,19,32,13
49,984,1,20,11,7
46,1937,1,20,16,5
37,2192,1,6,14,9
55,4616,1,19,14,6
74,1347,0,17,49,17
55,100,0,21,35,5
57,4422,1,19,12,11
72,2225,0,17,24,6
27,505,0,19,28,15
68,1723,1,19,19,11
74,1317,1,19,14,9
12,1062,0,19,23,18
71,100,1,19,1,5
63,1295,0,19,47,5
61,1080,1,8,49,12
71,546,1,20,10,10
34,898,1,19,39,10
15,2025,1,19,18,11
74,424,0,22,25,11
66,596,0,18,33,5
24,780,0,20,28,15
66,2385,1,17,21,11
63,2566,1,12,57,17
73,1711,1,20,10,11
27,5410,1,18,23,10
28,5980,1,20,21,18
71,1810,1,19,9,18
74,869,0,18,23,12
28,1676,0,20,26,17
24,629,0,18,42,14
51,747,0,19,43,18
67,1058,1,19,13,11
74,4470,1,19,14,10
22,1271,0,20,18,18
43,1494,0,18,22,16
51,2614,1,17,20,11
69,596,0,18,18,8
74,1023,1,9,29,15
59,1615,0,17,42,18
41,100,0,20,68,5
14,1906,1,19,15,16
30,3776,1,18,15,19
10,1738,0,19,22,18
8,1629,0,20,24,5
59,5441,1,8,20,10
21,1781,1,19,19,11
62,1935,0,19,27,19
40,838,1,19,23,10
50,1444,0,19,17,17
26,3963,1,21,23,11
67,1638,0,20,68,17
31,768,0,18,54,5
39,1984,1,20,30,9
59,876,0,19,52,11
28,1450,1,20,30,12
39,3036,1,19,29,12
67,565,1,7,32,13
32,1120,1,37,13,13
54,825,0,19,52,18
63,1375,1,19,30,12
30,230,0,18,22,12
25,785,0,20,25,10
74,546,1,17,13,11
59,4409,1,18,24,6
18,1694,0,17,13,6
29,2142,1,11,29,13
74,4339,1,17,22,20
55,1635,1,50,8,11
74,100,0,20,21,11
67,2170,1,20,31,14
21,1465,0,17,68,5
36,1014,0,17,37,15
22,1543,1,19,21,10
74,1231,1,20,27,15
39,1372,0,20,27,6
67,100,1,19,15,5
12,744,0,18,18,7
20,907,0,21,29,14
70,1034,0,17,13,5
74,1062,0,17,26,5
70,2466,1,20,22,12
62,265,0,18,22,13
68,4283,1,18,19,5
63,621,0,18,31,16
71,1017,0,19,28,16
25,2461,1,17,16,12
67,3997,1,10,21,9
27,1595,0,19,55,16
46,2465,1,18,28,5
37,5272,1,18,26,18
44,935,0,20,36,13
38,4839,1,48,49,6
62,538,1,17,31,11
27,1515,0,21,50,5
23,646,0,19,35,13
72,5887,1,22,11,11
56,608,0,19,32,16
18,3474,1,19,29,9
46,3513,1,20,28,10
50,768,0,19,16,5
74,4561,1,19,22,12
54,3192,1,20,33,16
38,4276,1,19,12,15
67,2448,1,11,18,11
69,971,1,20,31,12
65,1337,0,20,24,12
39,561,0,20,30,16
33,189,0,18,18,5
45,1375,1,18,11,10
30,585,1,20,10,9
18,255,0,20,49,5
34,300,0,20,68,14
32,1748,1,19,26,16
30,1147,1,19,21,11
66,1172,0,21,51,20
74,1098,1,18,14,11
74,1203,1,18,23,18
58,1288,0,19,62,13
56,857,1,20,14,11
65,1433,1,19,21,11
36,550,0,19,25,17
54,926,0,19,36,6
74,638,0,19,19,11
22,4342,1,18,25,12
66,637,0,18,29,20
41,993,0,17,46,5
58,1239,0,19,56,15
60,1378,0,19,21,12
39,2128,1,20,22,17
25,833,1,19,15,10
66,1830,0,19,68,5
54,1771,1,18,26,21
21,1147,0,18,16,15
24,756,0,18,63,16
74,1257,1,18,20,11
37,4923,1,18,19,11
71,1168,0,18,18,10
41,1175,1,20,24,17
71,1419,1,19,8,10
72,1207,1,20,35,13
33,1391,0,18,19,19
39,4436,1,18,21,11
57,1892,1,20,24,10
31,1035,0,19,6,6
23,2057,0,18,23,17
62,718,0,20,24,18
25,2699,1,19,31,9
25,1708,1,18,21,9
70,708,0,19,26,5
65,374,0,19,19,15
31,3220,1,18,31,16
74,3773,1,18,17,11
19,100,0,19,36,5
10,886,0,20,68,16
26,1043,0,20,25,16
27,2033,1,18,12,12
57,4543,1,18,24,11
44,1287,0,19,14,13
50,794,0,18,28,5
62,4061,1,20,22,8
32,1289,0,17,51,17
74,100,0,19,52,5
39,1444,1,20,16,11
61,675,1,19,21,7
62,995,1,20,24,10
34,260,1,19,21,10
74,3257,1,19,18,11
20,1027,1,8,24,11
31,1451,0,17,63,17
64,1911,1,19,23,5
65,1093,0,19,45,5
74,1592,0,19,68,16
52,603,0,20,59,10
74,4241,1,16,21,19
52,627,0,20,17,13
32,2262,1,18,23,7
30,297,0,19,43,13
40,3525,1,18,15,10
34,812,0,19,4,17
57,100,1,19,31,16
22,2332,1,12,27,14
60,524,0,20,49,8
11,1456,1,13,20,10
74,562,1,19,17,15
19,2570,1,18,19,5
70,1411,0,19,25,18
74,871,0,19,27,14
47,1534,1,20,7,19
12,4033,1,19,26,10
74,100,0,18,48,5
68,3495,1,21,20,12
16,1245,1,19,32,12
63,1254,0,18,67,11
29,175,1,19,31,19
15,100,0,20,11,6
37,1369,0,18,30,11
72,4423,1,18,20,14
53,2157,1,18,27,13
38,1371,0,18,11,7
30,1381,1,19,6,12
43,100,0,17,41,5
68,182,0,18,17,9
74,1259,0,18,11,16
39,4490,1,19,28,9
39,981,0,16,40,5
50,960,1,19,9,15
66,1289,0,19,49,16
49,404,0,16,59,11
13,5060,1,18,20,11
72,926,1,18,21,21
71,4855,1,20,22,12
35,2437,0,18,27,5
52,1826,0,20,61,12
31,3861,1,6,28,11
47,1354,1,9,40,5
74,2437,1,16,19,17
22,2518,0,19,60,16
27,1819,1,17,28,15
52,1289,0,18,64,15
56,100,0,19,51,14
63,810,1,19,21,10
63,3267,1,19,27,10
20,4220,1,20,11,10
33,2130,1,19,54,6
41,1020,0,20,68,14
74,742,0,20,30,12
50,714,1,19,31,5
54,789,1,16,26,11
69,1892,1,17,19,6
62,2939,1,18,28,6
61,224,0,20,32,15
39,1458,1,17,11,11
66,3301,1,19,19,9
64,100,0,19,26,13
16,3224,1,16,16,11
74,933,1,18,11,16
53,933,0,19,63,5
74,3478,1,18,33,16
36,927,1,62,18,12
15,1517,0,17,44,18
32,1151,0,18,20,13
22,764,1,18,18,10
74,1293,0,20,48,7
44,1067,1,20,26,11
67,3654,1,19,21,16
64,2376,1,20,28,11
74,3729,1,17,14,14
74,235,0,18,25,14
34,2865,1,19,37,10
51,1216,0,19,40,6
71,3980,1,19,17,11
74,1655,0,20,36,12
68,100,0,19,18,5
23,100,0,19,21,16
12,846,0,19,37,5
66,6446,1,20,20,20
34,1290,0,17,33,13
61,100,0,19,15,5
20,2619,1,18,22,16
74,100,0,18,66,11
74,981,1,18,37,7
62,1197,0,17,65,5
23,320,0,19,16,15
70,1268,0,20,11,12
28,1273,1,18,21,10
51,100,1,41,21,11
74,639,1,5,20,11
18,1928,1,20,21,19
44,586,1,17,30,11
50,1477,0,18,12,16
67,1473,1,19,23,5
74,2317,0,60,55,6
72,1773,0,21,20,5
69,2280,1,80,8,10
44,2706,1,19,21,12
23,1724,0,20,12,18
60,608,1,21,9,11
44,697,0,20,26,12
27,747,1,18,30,9
27,910,0,18,24,16
35,1024,0,19,67,11
74,1535,0,17,56,5
49,299,0,19,39,15
74,2478,1,20,22,5
68,3315,1,21,61,7
56,237,0,19,11,15
30,1623,1,4,13,17
64,877,1,44,12,17
51,646,0,17,14,6
74,100,0,19,26,16
31,1246,0,20,30,19
40,1596,0,17,60,18
32,1577,1,19,6,10
25,100,0,18,21,13
62,2476,1,19,16,14
67,673,0,20,60,11
32,456,0,18,68,5
32,431,0,21,26,5
74,100,0,18,30,6
57,2047,1,20,20,11
53,1048,1,17,18,17
40,4070,1,19,22,17
16,434,0,19,68,5
62,1426,0,19,14,16
44,2882,1,19,25,18
48,1530,1,19,12,5
19,1233,0,17,25,13
69,2161,1,19,10,11
34,1625,0,19,16,19
61,1293,0,20,27,13
45,1155,1,18,21,12
15,1363,1,20,11,10
17,4038,1,10,24,9
20,778,0,19,30,15
31,6284,1,19,29,11
28,764,0,18,52,5
50,2391,1,19,25,15
16,1458,1,19,64,10
23,100,0,20,20,9
74,1643,1,17,27,12
74,805,0,18,25,15
71,5669,1,18,20,9
32,6821,1,46,22,16
74,542,1,21,15,10
61,2089,1,19,14,11
64,3152,1,17,17,19
69,1497,1,20,19,5
22,5823,1,19,24,17
65,100,0,19,35,5
57,100,0,18,28,14
66,385,0,18,24,10
52,2528,1,19,12,15
54,2471,1,19,10,10
74,1133,1,18,5,5
24,446,1,12,16,10
29,290,1,10,36,10
32,3836,1,19,16,11
49,100,0,18,10,14
74,845,0,19,28,18
44,5697,1,18,26,16
57,1198,0,18,37,16
59,1269,0,18,19,16
24,1151,0,18,31,15
30,1892,1,18,11,11
67,100,0,19,34,17
57,4656,1,20,13,19
74,451,1,21,31,12
57,3029,1,19,18,11
74,1665,1,21,14,6
70,1308,0,20,29,5
28,1874,0,19,2,6
10,331,0,20,49,6
52,491,0,19,1,5
55,671,0,19,17,5
69,535,0,19,12,17
59,2462,1,19,25,10
64,100,0,18,45,6
30,2294,1,19,8,11
24,505,0,17,22,10
29,2196,1,17,20,13
26,1113,0,18,52,5
45,1147,0,19,8,19
20,1251,0,19,14,14
16,943,1,19,21,6
39,3822,1,18,27,11
37,3743,1,20,64,10
69,3619,1,18,18,17
70,2829,1,19,22,5
60,1007,1,20,15,13
31,1100,0,19,23,11
17,2668,1,20,13,9
19,607,1,18,11,5
74,1202,1,18,28,16
35,2621,1,20,27,9
33,1024,0,19,68,16
50,1219,0,19,24,11
27,1753,1,17,26,17
33,4518,1,17,16,11
71,593,1,19,19,13
65,1695,1,18,9,9
69,2343,1,18,51,17
74,1160,1,33,32,11
17,2340,1,18,68,10
74,100,0,20,31,16
59,776,0,18,64,13
24,1331,1,19,12,10
34,1093,0,19,41,10
74,156,0,18,24,11
33,1253,0,18,27,11
27,2675,1,20,24,10
33,4488,1,19,24,19
39,566,0,18,57,5
63,2022,0,20,68,11
32,1537,1,19,11,11
63,1235,1,20,65,15
44,3324,1,18,25,10
39,4122,1,2,21,12
64,871,0,21,5,6
64,252,0,19,21,11
39,2505,1,20,23,10
31,3395,1,20,28,10
25,435,0,18,17,11
19,535,0,17,31,6
39,659,0,18,23,15
60,761,0,19,26,10
68,1011,0,20,10,12
65,1012,1,18,15,10
62,3705,1,19,11,21
66,2978,1,20,8,11
71,4912,1,21,19,7
44,3029,1,19,32,9
63,2822,1,19,9,15
28,142,1,20,15,11
41,844,1,20,44,17
15,1359,0,18,51,5
74,2943,1,10,50,10
33,116,0,19,12,15
55,937,1,17,28,11
32,1388,0,19,47,5
56,372,1,19,26,9
48,724,0,17,26,12
74,1476,0,18,68,5
42,4123,1,18,15,10
28,1520,1,9,19,11
51,2117,1,17,8,5
66,3608,1,19,18,11
52,1095,0,18,66,5
43,1084,1,17,12,10
39,1425,1,19,22,11
55,1292,0,18,47,9
29,1091,0,18,17,11
41,4089,1,19,25,21
36,729,0,19,19,15
14,1007,1,19,23,11
40,100,1,19,28,17
65,100,0,19,18,15
36,1921,1,19,19,11
31,1922,0,20,49,5
71,5235,1,19,22,11
72,1249,0,20,22,5
74,934,1,19,21,10
41,678,0,19,23,5
74,4805,1,18,29,20
74,953,0,19,49,5
32,1618,0,20,19,16
25,1754,0,19,16,17
43,620,0,18,14,5
74,1379,0,18,25,15
57,1774,0,18,6,11
66,1781,1,18,8,15
46,2881,1,20,28,14
26,2749,1,18,22,6
36,1560,0,20,7,5
65,519,0,19,35,9
48,5766,1,18,17,14
35,2333,1,19,15,6
50,976,0,19,21,15
34,948,1,19,18,10
58,100,0,18,23,11
33,1007,1,19,26,19
36,2542,1,20,27,11
66,1513,1,19,37,7
1,764,1,21,68,11
27,415,0,18,24,5
36,3602,1,19,26,11
33,1422,0,18,22,21
52,3273,1,18,17,16
74,100,0,19,36,5
24,1801,0,18,37,20
46,1419,1,17,19,12
44,2019,0,17,25,5
42,944,1,18,26,11
64,4480,1,18,8,11
9,2432,1,19,27,12
51,3493,1,20,11,21
74,408,0,20,34,5
67,3755,1,19,5,20
74,525,1,20,14,10
22,2106,1,18,24,11
26,1679,0,19,16,19
37,1305,1,6,24,11
40,1470,1,19,18,19
58,2088,0,20,13,7
27,2054,1,19,24,10
41,5771,1,20,42,14
38,109,0,18,20,14
33,1403,1,19,31,11
34,1462,0,20,22,15
7,905,0,19,19,5
5,858,0,18,40,16
31,1217,0,18,30,7
36,1330,0,19,49,5
52,698,1,19,9,10
26,789,1,20,23,11
69,904,1,18,23,17
49,1072,1,20,22,15
47,890,0,19,15,12
63,305,0,21,66,10
52,2254,0,19,20,16
32,100,0,19,21,10
30,4451,1,13,40,10
27,829,1,18,21,5
59,3809,1,19,26,19
42,100,0,17,25,5
13,1556,1,19,23,12
33,1724,1,71,22,15
57,4062,1,19,15,10
58,845,0,19,61,5
74,448,0,20,30,19
35,834,0,18,31,15
28,2338,1,19,20,22
74,2276,1,20,7,10
4,4965,1,21,16,10
34,2464,0,18,22,18
63,1379,1,20,15,11
64,4751,1,17,12,12
74,2553,1,19,25,10
34,3088,1,19,25,10
71,1696,0,20,48,11
65,2175,0,20,28,16
45,1722,0,20,8,12
74,1920,1,10,22,12
50,2336,1,20,12,12
59,1981,1,18,26,17
34,689,0,20,34,15
47,308,0,18,52,5
74,1944,0,20,44,16
23,1307,0,17,10,6
30,438,1,19,27,11
35,3704,1,18,26,12
68,1000,1,20,18,11
14,1536,0,18,18,5
58,571,0,18,16,6
7,1134,0,19,27,16
74,1172,1,20,20,20
61,4560,1,18,19,16
21,3653,1,20,27,11
54,944,1,19,16,10
21,1143,1,19,29,17
17,1713,0,19,29,6
57,433,1,19,13,19
49,1789,1,17,23,11
12,2118,0,20,33,22
42,4880,1,19,12,11
51,2716,1,20,23,11
68,4092,1,19,20,20
61,1438,1,20,27,11
42,1875,1,19,20,15
29,1508,1,20,24,10
36,424,1,18,20,12
34,1361,1,19,23,11
70,3236,1,20,15,10
41,1109,0,21,37,5
74,715,0,18,28,5
33,481,0,18,61,10
63,1688,0,19,68,17
32,1264,1,19,15,10
25,423,0,18,39,13
64,931,1,21,16,10
59,2390,1,18,25,18
74,1777,0,20,25,16
71,100,0,18,15,10
38,1565,1,7,21,14
65,1980,1,20,28,21
74,4154,1,17,14,6
74,1403,0,18,56,18
42,1893,0,19,23,16
74,1111,1,3,53,5
58,2059,1,17,21,16
23,1171,1,20,23,14
74,3489,1,20,30,10
50,558,0,20,35,10
21,100,0,19,15,16
47,2047,1,18,32,13
47,1062,0,17,12,12
15,1382,1,19,24,11
74,1142,1,20,12,12
36,178,1,19,29,9
41,631,0,17,16,16
43,742,0,17,21,12
74,496,0,20,43,18
74,2312,1,8,55,15
47,1178,0,20,35,11
72,2137,1,19,12,11
73,708,0,20,5,7
35,1127,0,19,19,11
67,4433,1,19,16,16
10,1921,1,18,29,16
69,1547,1,19,13,16
38,2820,1,13,24,11
46,1307,1,20,23,10
46,100,0,19,53,5
25,941,0,20,37,10
10,406,1,18,18,10
59,1654,1,18,21,10
67,1069,0,18,48,16
22,1140,1,20,18,6
66,100,0,18,59,10
29,100,0,18,29,13
71,830,0,19,40,10
41,1681,1,15,25,11
17,678,0,19,46,5
46,1158,0,18,24,17
23,3505,1,18,27,9
30,543,1,19,30,11
70,1203,0,20,39,12
18,1287,1,19,20,9
52,2093,0,20,23,21
74,890,0,17,23,5
74,393,0,20,17,6
62,4817,1,18,54,12
19,5260,1,17,25,15
59,1014,1,18,18,10
22,2284,1,20,29,9
64,344,0,18,63,5
60,1330,1,9,15,5
74,100,0,19,30,10
69,1511,0,19,12,16
34,686,0,19,68,5
65,100,0,19,22,5
28,100,1,18,28,11
51,538,1,19,24,5
31,217,0,20,14,10
47,330,0,19,50,17
73,1660,1,17,27,5
44,1413,0,19,41,13
48,1465,1,19,7,21
36,1298,1,20,23,10
74,817,0,18,58,5
43,5496,1,12,13,15
25,1577,1,17,33,9
74,376,1,9,54,12
60,2049,1,17,23,10
73,1658,0,20,22,11
46,1998,1,18,33,12
55,5003,1,18,44,18
74,424,1,17,33,5
12,717,0,18,23,16
67,3410,1,19,36,10
47,1276,1,18,23,11
74,463,0,16,19,18
74,1351,1,19,28,7
41,1217,0,19,15,11
58,889,0,21,24,6
74,2461,1,19,8,13
54,4827,1,18,18,10
74,728,1,19,32,11
74,100,0,19,48,11
74,3222,0,19,25,16
37,1117,0,19,32,15
74,739,0,17,23,6
31,831,0,19,17,18
13,290,0,20,24,11
63,2747,1,20,13,18
52,814,1,17,22,12
67,2337,1,19,25,11
26,1892,0,18,23,16
44,2761,1,19,21,19
74,5111,1,13,23,11
27,1458,0,19,23,15
26,1552,0,20,36,14
72,6361,1,20,14,12
64,103,0,17,16,10
68,5379,1,20,8,9
55,1064,1,15,27,11
47,1643,1,10,17,16
15,9118,1,19,26,15
73,696,1,20,23,13
38,2191,0,18,58,11
25,1960,1,19,24,10
35,1487,1,18,23,11
66,4618,1,88,12,16
70,1146,1,18,15,16
43,3519,1,19,26,21
68,1876,1,18,14,7
24,3062,1,18,22,19
41,286,1,17,14,5
45,4376,1,17,30,11
37,301,0,17,68,11
50,1529,0,19,22,6
48,968,0,20,11,13
48,1067,0,20,47,19
74,1362,0,16,68,16
36,1197,1,18,14,10
63,4948,1,20,21,10
23,778,0,20,17,5
43,100,0,19,23,5
64,910,0,19,12,11
15,1674,1,19,24,16
23,1840,1,19,19,10
36,2195,1,20,15,18
44,136,0,21,14,10
49,3270,1,17,25,12
35,1189,1,20,24,10
20,974,1,9,16,11
50,1673,1,20,18,12
71,1752,1,19,17,18
66,1993,0,21,12,5
31,2035,1,18,15,22
43,3409,1,20,17,11
74,4723,1,18,29,10
16,100,0,20,60,18
39,711,0,17,26,10
44,880,0,21,27,10
66,1716,0,18,31,18
58,1856,0,20,62,15
68,730,0,21,27,17
41,207,1,17,28,10
60,1734,1,12,19,15
62,1299,1,19,12,10
33,4515,1,19,2,20
63,626,0,19,18,5
73,1663,1,19,28,10
54,5458,1,8,24,19
74,1501,1,18,34,10
72,624,0,19,19,7
74,1160,1,23,27,18
27,446,1,20,4,5
20,933,0,19,68,7
74,1763,0,19,19,5
63,1225,0,20,32,13
73,1608,0,19,11,15
66,1351,0,19,45,5
52,1652,1,19,34,12
41,5090,1,18,24,18
23,2055,1,20,28,10
30,4890,0,18,32,17
71,4714,1,10,19,11
65,924,0,20,54,14
11,813,1,18,31,16
68,940,1,11,35,11
64,1991,1,19,62,13
30,616,1,18,20,5
55,1650,1,19,15,5
74,1661,0,18,4,15
26,2781,1,18,19,11
57,5207,1,20,21,10
37,1006,0,20,27,16
23,4231,1,17,23,20
68,3034,1,19,30,10
34,1615,1,17,31,18
61,2434,1,57,23,15
71,642,1,18,31,10
74,100,0,19,15,5
31,1391,1,19,30,5
70,1086,1,4,27,16
11,187,0,18,13,14
17,6073,1,5,10,19
49,3589,1,19,57,11
65,908,1,17,15,11
41,3420,1,17,22,16
74,542,0,20,22,16
34,3819,1,19,18,17
25,5556,1,18,21,22
37,5073,1,19,30,7
37,5286,1,20,21,16
38,587,0,19,23,15
53,635,0,18,68,5
61,683,0,18,25,11
27,768,0,19,60,5
41,1478,1,20,14,10
45,715,0,20,20,19
12,988,1,20,32,8
41,1824,0,16,55,16
55,607,1,20,21,14
72,365,0,19,54,5
74,956,1,18,8,5
59,1297,0,17,12,11
23,404,0,18,27,7
20,2098,0,20,5,18
30,684,1,19,22,11
21,1016,0,18,33,14
54,446,0,19,28,17
35,1001,0,18,9,10
48,148,0,20,16,12
60,2848,1,19,13,11
59,972,0,18,24,17
74,3543,1,18,13,11
65,4426,1,18,15,11
53,1526,1,18,33,11
32,100,0,19,16,11
17,1353,0,19,36,9
28,4428,1,17,17,10
39,1398,0,19,29,12
27,1240,1,19,14,9
48,3943,1,19,12,11
74,1432,1,20,16,5
33,2239,1,18,19,14
48,4407,1,9,20,11
45,3167,1,17,31,12
21,4920,1,15,6,16
23,1379,0,20,3,15
34,4671,1,18,34,16
27,1594,0,19,35,14
27,905,0,20,21,7
48,100,0,20,43,17
60,1004,1,19,30,10
15,1377,1,20,14,12
8,2889,1,20,12,17
55,2078,1,20,50,13
74,359,0,18,59,17
74,1381,0,20,42,11
33,1870,0,19,46,15
46,1745,1,19,14,11
11,2082,1,17,29,17
29,1879,1,18,28,16
16,319,0,19,35,18
33,990,1,19,32,10
7,100,0,18,44,5
67,201,0,20,24,5
74,1059,1,19,10,7
52,726,1,17,28,15
67,1486,0,17,23,5
39,2354,0,19,15,16
46,100,0,17,42,10
64,566,1,18,7,5
48,1890,1,11,28,16
56,2321,1,8,12,10
28,2355,1,21,21,11
37,1332,0,18,24,6
70,100,0,20,25,10
68,1662,1,19,18,6
74,288,0,20,12,15
59,3134,1,19,17,11
74,100,1,18,20,10
74,4376,1,18,40,16
48,315,1,19,20,5
69,2938,1,18,17,11
32,2322,1,19,13,11
41,3235,1,18,23,16
72,831,1,19,29,16
24,4711,1,21,7,16
74,577,0,19,24,11
54,100,0,19,28,5
27,2183,1,19,22,18
47,270,0,18,14,6
40,894,0,18,50,18
72,1482,1,20,11,6
31,100,0,21,19,5
44,1248,0,20,38,10
55,116,0,19,47,10
34,1435,1,17,27,7
31,1839,0,20,66,14
22,946,1,19,54,11
65,285,1,18,13,15
35,100,1,19,31,12
52,5034,1,20,13,11
46,209,0,17,40,15
74,3568,1,19,9,10
24,2412,0,20,27,7
32,1854,0,17,14,14
74,1302,1,20,37,16
69,100,0,21,68,10
74,472,0,17,29,11
57,1607,1,20,16,11
54,624,0,20,45,19
53,177,0,19,24,5
72,528,1,19,23,11
53,239,0,20,56,11
32,890,1,19,20,12
74,1720,1,18,19,11
39,1383,0,18,18,6
29,884,1,18,27,9
17,1533,0,19,33,16
55,4243,1,20,47,18
74,4195,1,20,68,11
55,100,0,18,45,11
14,662,0,18,13,14
39,940,0,19,26,12
19,1184,1,19,21,5
71,999,0,21,24,18
70,2815,1,19,21,11
31,1072,0,20,33,5
32,635,0,18,22,16
24,235,0,20,64,5
71,1453,0,19,20,10
58,100,0,19,26,15
29,4215,0,18,41,11
44,1299,1,18,8,11
23,1104,0,18,68,15
45,4603,1,19,25,11
37,779,0,19,39,17
74,804,1,21,32,13
30,1214,0,19,54,13
44,1093,1,18,19,11
71,3749,1,19,23,12
42,756,0,20,26,11
5,269,0,20,55,15
29,4342,1,17,18,19
49,747,1,21,5,11
68,1791,1,19,24,11
36,2799,1,20,23,11
29,1298,0,19,35,10
66,1743,0,21,10,17
56,536,1,18,10,10
46,2278,1,19,15,20
17,100,0,18,29,5
23,2052,0,19,20,11
35,1103,0,19,32,10
74,710,1,17,16,11
74,586,0,16,26,5
20,562,1,21,27,10
21,1355,0,18,38,13
35,2061,1,19,25,13
55,2480,1,18,21,10
60,3298,1,20,17,9
74,5671,0,20,22,13
14,100,0,18,65,17
52,1454,0,18,16,17
52,401,0,17,35,18
65,560,0,19,38,18
30,1019,1,12,19,11
42,2658,1,19,14,14
68,668,0,20,13,10
56,711,1,17,28,19
38,2752,1,17,27,11
28,1905,1,20,23,10
70,812,0,19,8,9
38,3700,1,20,12,11
74,2014,1,19,14,19
74,3074,1,16,24,10
11,1313,0,19,24,10
74,1376,1,21,31,12
56,574,0,20,29,9
38,1694,1,18,25,11
26,699,0,19,37,17
47,2473,1,20,21,10
32,1368,0,17,45,5
40,100,0,19,24,17
33,2021,1,16,18,19
36,1779,1,18,9,10
62,1133,0,18,11,16
69,4234,1,17,33,10
65,100,0,18,63,16
15,2203,1,17,21,5
74,3444,1,19,16,10
1,1225,0,21,2,5
56,761,1,18,8,17
35,554,0,20,28,20
59,1325,1,19,19,12
74,1652,1,19,22,9
37,219,1,13,18,11
39,244,1,19,64,10
40,1179,0,18,27,19
22,2108,1,18,24,12
32,1240,1,11,10,11
67,4791,1,19,26,18
51,537,1,19,12,10
55,1990,1,18,24,12
27,2231,1,20,13,11
34,142,0,19,52,10
74,905,0,19,51,10
74,2018,1,18,44,10
74,1516,0,21,24,11
74,1348,1,81,26,11
68,709,0,17,18,6
55,1951,1,18,22,6
74,232,1,19,27,10
41,2032,1,19,24,15
19,3773,1,19,13,17
30,698,0,18,7,17
54,159,0,20,50,12
18,1001,1,16,18,7
16,1090,1,19,18,10
29,2910,1,18,11,6
58,546,1,19,25,10
32,148,0,18,65,19
71,3999,1,19,24,11
61,1296,0,19,21,7
50,100,0,18,25,16
28,5943,1,18,23,12
74,172,0,19,20,18
25,1061,1,19,19,10
27,3921,1,16,26,10
71,410,0,20,20,13
24,860,0,20,68,13
63,2581,1,19,20,18
56,1287,0,20,21,18
63,100,0,17,53,10
42,1309,0,17,23,16
28,2821,1,13,28,19
20,427,0,18,54,17
74,2641,1,19,16,11
40,3190,1,20,19,9
62,1622,1,20,6,7
66,1294,0,21,5,13
43,226,0,20,40,11
60,1694,1,18,1,12
67,304,0,20,22,19
74,800,0,18,17,17
56,5831,1,18,20,12
45,1972,1,20,33,10
26,1155,0,17,48,16
74,1821,0,20,29,16
29,4089,1,9,16,10
70,1653,1,19,26,11
17,235,0,20,39,17
17,328,0,19,53,11
32,100,0,20,68,15
14,1120,0,18,18,6
34,812,0,18,59,14
66,1402,1,20,5,12
36,1763,1,20,17,10
72,3443,1,18,54,12
61,650,0,18,19,16
39,1342,0,17,20,15
9,4811,1,18,13,10
74,2030,1,17,12,17
74,1971,0,17,9,21
22,1812,1,19,16,9
74,1685,1,20,19,11
39,668,0,17,51,5
74,639,0,19,30,11
39,1047,0,19,23,5
24,910,1,20,35,20
51,640,0,18,68,17
74,100,0,19,68,11
32,1367,0,19,27,16
74,6100,1,19,20,16
34,3368,1,19,24,11
65,468,0,20,68,15
37,1588,1,18,33,10
39,1886,0,18,11,6
15,871,0,18,22,5
14,925,1,19,12,16
35,1463,0,18,10,17
25,1585,0,18,25,17
66,4120,1,19,14,22
34,1510,0,18,16,5
8,1791,0,18,28,15
50,1703,1,17,22,11
74,1092,0,20,5,6
37,1880,0,18,8,13
54,4895,1,19,25,11
55,100,0,19,58,5
66,1366,1,18,29,20
29,1208,1,19,25,10
41,930,1,7,60,5
31,1657,0,18,30,17
13,3513,1,20,16,17
74,1988,1,20,23,12
30,831,0,17,68,5
51,100,1,19,22,17
69,2936,0,19,26,10
21,2694,1,9,27,16
19,308,0,18,43,16
70,234,0,18,3,5
44,1001,0,18,30,5
74,2227,0,19,47,11
55,100,0,19,28,5
74,842,0,18,48,5
71,100,0,20,31,10
66,1770,1,21,30,15
74,574,0,20,53,18
27,2328,0,20,22,13
59,100,0,18,68,9
68,100,0,19,25,16
45,100,0,19,19,11
22,1558,0,19,41,11
74,1527,0,18,19,10
74,3908,1,18,21,15
39,959,0,20,24,17
27,1317,1,19,24,11
64,752,0,19,58,10
18,1928,0,18,16,14
68,2236,0,18,18,15
51,1390,1,18,29,9
24,1541,1,20,27,11
30,4461,1,20,14,17
19,100,1,16,15,10
19,2059,1,20,16,10
57,2088,1,17,15,17
27,1817,1,20,15,15
44,788,0,16,37,12
74,5196,1,18,25,13
43,5174,1,20,15,10
31,1713,0,19,40,12
74,811,0,19,27,5
30,1302,0,19,64,5
21,162,0,20,14,16
73,953,0,18,11,19
54,2573,1,20,1,11
15,1360,0,19,20,5
71,1277,0,20,22,9
35,664,0,18,62,13
60,1715,1,17,15,16
52,3000,1,17,16,10
67,772,0,20,43,15
74,1298,1,19,26,19
26,884,1,10,21,10
64,457,0,18,49,21
74,194,0,18,51,5
29,3885,1,17,55,6
12,1087,1,19,16,11
50,316,1,18,33,14
40,1298,0,18,30,16
21,100,0,19,19,5
26,782,0,18,12,14
28,589,0,19,60,12
47,1037,0,20,26,19
74,1244,1,18,23,11
34,1356,0,18,15,15
50,4814,1,20,17,11
35,296,0,19,48,10
74,4152,1,6,29,11
8,875,0,18,33,16
31,3486,1,18,30,11
74,2206,1,20,13,10
35,3069,0,17,19,16
39,1695,0,18,36,6
74,3890,1,20,19,17
56,1099,0,19,49,19
32,1356,1,18,7,20
36,1372,0,18,17,14
57,262,0,18,44,5
34,584,0,20,29,11
35,10000,1,18,22,9
61,4377,1,19,20,11
59,5334,1,18,18,11
65,571,1,20,30,16
64,1234,1,17,22,17
44,2277,1,18,30,5
34,5061,1,20,22,6
3,1368,1,18,18,16
41,1225,1,19,15,10
26,466,0,18,48,18
55,100,0,20,28,5
24,1392,1,19,13,5
74,275,0,20,26,10
32,2656,1,18,18,10
74,1067,0,19,53,5
41,811,0,18,20,10
74,756,0,18,19,8
52,2881,1,11,24,17
44,743,1,20,13,10
35,2264,0,19,45,14
67,174,1,17,24,5
18,3637,1,20,12,10
36,817,1,18,17,15
51,448,0,18,12,11
60,827,0,18,66,6
68,10000,1,21,62,12
30,434,0,20,20,16
28,1419,0,20,31,15
15,994,1,18,16,11
72,4158,1,17,28,17
59,981,0,18,58,17
53,2585,1,20,41,12
66,3124,1,20,19,7
63,2674,1,18,16,11
20,1303,1,17,25,11
51,3379,1,19,47,12
62,1433,0,17,22,6
74,401,1,21,32,16
20,918,0,19,43,15
36,1233,0,18,22,12
66,3966,1,20,17,5
27,1531,0,17,50,5
28,3444,1,19,25,12
32,1484,0,19,21,19
26,1254,0,19,21,20
67,4670,1,8,10,21
42,1583,0,20,30,10
22,1534,0,20,15,13
68,440,0,18,16,15
40,100,0,19,38,5
50,9099,0,19,52,5
13,1946,0,21,26,15
24,1175,1,18,22,16
64,1331,0,17,26,5
47,2886,1,18,14,5
47,5274,1,18,30,11
9,1203,0,19,19,10
69,2531,1,18,28,8
44,741,0,18,13,19
32,3177,1,19,14,14
70,1143,1,19,32,17
53,1679,0,20,41,5
40,1758,0,19,49,17
74,733,0,19,49,6
27,651,0,20,23,12
67,100,1,19,12,11
74,537,1,18,27,10
32,512,0,16,27,5
24,733,0,19,11,5
21,1569,1,17,52,15
68,1770,0,18,11,15
66,4636,1,19,19,12
28,391,0,19,19,9
44,1086,0,18,64,13
67,100,1,20,14,11
66,1088,1,19,25,11
26,1769,1,14,13,19
72,100,0,19,57,11
23,1150,0,19,32,12
53,4756,1,20,17,10
46,212,0,18,22,5
31,1161,0,19,57,14
33,1432,0,21,20,18
73,957,0,18,21,10
74,664,0,19,24,15
43,624,0,21,25,5
57,100,0,20,15,17
74,725,0,19,62,9
33,4389,1,17,12,11
25,447,1,20,24,15
34,100,0,20,57,5
26,783,0,18,6,14
20,4667,1,16,15,15
43,979,1,20,59,10
32,996,1,19,23,10
52,746,0,19,68,12
33,4725,1,48,27,14
23,8672,1,20,48,10
67,437,0,18,54,18
5,4073,1,19,26,11
63,1481,0,19,45,5
28,1711,1,19,27,11
30,1816,1,18,34,5
30,2459,1,20,14,11
69,2011,1,9,21,11
21,969,0,17,56,16
70,1432,1,16,12,7
74,2592,1,20,12,5
74,100,1,19,16,14
35,1932,1,20,31,14
60,1951,1,20,21,8
21,2327,1,17,14,10
51,3219,1,19,24,11
72,100,1,19,16,5
64,1504,1,19,8,11
33,4317,0,19,10,19
74,1381,1,19,24,11
65,2051,0,18,23,5
70,584,1,19,24,10
28,2363,1,9,21,11
74,1255,1,17,15,11
52,1452,0,18,26,5
21,1492,0,18,68,13
60,1192,0,18,18,16
73,2921,1,21,29,11
71,4824,1,19,33,5
30,3812,1,18,23,12
74,1184,1,19,20,5
43,3315,1,18,27,10
67,1968,0,20,61,16
35,1519,1,19,30,11
74,754,0,21,10,15
41,1937,1,19,19,6
28,2018,0,18,45,18
6,840,0,20,44,6
32,1042,1,20,18,10
74,3018,1,20,22,10
36,10000,1,16,8,12
15,5327,1,19,13,11
28,1399,0,18,21,5
38,692,0,19,26,11
69,100,1,20,27,11
22,1660,0,19,68,16
4,600,0,19,26,16
69,3273,1,19,16,5
46,729,1,19,2,11
70,309,0,17,68,10
74,1193,0,20,20,18
64,100,0,16,13,7
57,825,1,18,1,11
8,3826,0,20,56,16
25,929,0,20,38,5
38,2238,1,19,62,12
30,100,0,20,35,5
30,4299,1,18,13,10
44,1754,0,18,24,11
11,262,0,19,23,14
74,100,0,19,4,5
17,100,0,18,12,9
23,782,0,21,16,10
10,1012,1,19,49,5
44,1326,1,18,18,10
74,100,1,19,6,15
64,1495,0,17,50,14
71,100,0,18,27,20
74,4370,1,20,27,11
74,381,1,18,14,10
74,1531,1,19,57,11
28,1879,1,17,15,11
65,3809,1,19,23,11
32,1012,1,21,13,10
51,1279,1,21,19,10
74,790,1,18,11,11
33,5290,1,18,29,15
68,767,1,19,30,10
44,386,0,20,21,15
74,732,0,20,38,11
67,2891,1,19,4,10
54,160,0,17,33,10
29,394,0,18,20,5
33,4350,1,17,19,10
74,1701,1,20,13,5
20,3579,1,17,12,11
16,919,0,21,21,15
42,4929,1,20,15,18
20,819,1,20,53,11
30,1966,1,18,24,15
35,739,1,19,8,11
12,1401,0,20,60,12
60,3083,1,18,30,15
39,100,0,20,21,5
50,4180,1,20,63,11
51,2372,1,53,29,11
21,652,1,21,24,6
29,239,1,18,22,10
46,1789,1,19,43,16
42,1133,0,20,22,15
70,732,0,18,30,10
37,1151,0,19,12,16
26,1039,0,18,15,19
40,663,0,19,55,5
35,820,0,19,23,17
30,1127,1,18,28,17
54,100,1,19,29,11
30,1112,0,18,55,18
74,5792,1,19,48,5
64,881,1,18,15,11
74,5306,1,18,28,12
74,4693,1,18,26,12
31,752,0,18,60,5
52,1672,0,19,31,10
10,1653,0,19,19,16
63,947,0,19,41,6
47,559,0,19,31,17
58,1500,1,19,14,16
65,3798,1,20,34,11
60,2762,1,18,20,15
28,2111,1,18,12,11
74,1038,0,18,20,13
62,249,0,19,47,14
36,3765,1,18,14,11
42,119,0,19,57,17
72,3775,1,18,21,21
43,2184,1,19,17,16
59,1454,0,20,51,16
53,2461,1,18,19,5
49,1466,0,20,12,5
24,175,1,18,17,5
70,2859,1,20,24,13
64,1595,1,20,23,10
73,132,0,18,22,13
36,588,0,18,24,19
21,3073,1,19,28,19
73,430,1,8,18,17
29,3312,1,18,13,11
23,1998,1,16,20,14
64,1027,0,20,46,5
40,863,1,19,38,17
17,2071,1,18,15,5
23,568,0,17,32,12
41,1733,1,1,24,5
14,2280,1,1,39,13
30,491,0,17,24,14
66,1973,0,19,17,11
34,1971,0,19,10,9
63,1302,0,19,13,15
27,2155,1,19,21,11
42,3011,1,18,25,11
35,302,1,17,23,10
22,6172,1,11,10,15
68,966,0,18,8,16
67,1596,1,20,15,16
61,554,0,20,5,5
74,3559,1,19,20,15
41,934,0,20,68,16
55,100,0,20,32,11
59,1507,1,20,20,18
28,1465,1,17,57,11
28,100,0,19,28,6
74,1202,0,20,10,6
48,1045,1,20,16,9
66,1355,1,19,61,12
24,828,0,20,19,5
44,540,1,18,29,9
35,1138,1,19,21,11
59,5576,1,19,21,12
41,952,1,18,16,16
59,4088,1,19,21,10
68,615,0,19,43,13
64,100,1,18,26,11
64,195,0,21,1,10
31,920,0,19,23,6
55,4020,1,18,26,16
55,1595,1,19,16,11
36,489,0,20,67,5
74,2484,1,20,27,10
73,2602,1,4,32,19
35,923,0,18,27,5
33,995,0,19,27,5
22,385,0,18,61,13
31,1127,0,18,22,16
16,926,0,18,63,5
31,1662,0,18,33,19
51,1580,1,19,33,11
26,974,0,16,56,15
46,3989,1,19,14,20
30,4750,1,19,14,22
74,1141,1,18,21,10
66,1689,0,18,24,6
69,1286,0,20,25,5
27,865,0,20,2,15
51,4066,1,19,19,16
32,4084,1,19,18,16
37,1387,1,19,19,15
60,1840,1,14,27,11
69,100,0,18,13,6
67,1703,1,18,28,10
29,742,1,4,60,11
45,1307,0,19,62,11
74,1711,0,19,17,18
25,1551,1,19,19,10
21,2257,1,17,67,15
26,3786,1,18,14,11
44,1642,0,19,19,5
56,1894,0,19,15,15
59,159,0,17,20,11
42,1041,0,20,16,16
30,464,0,18,17,11
63,1736,0,18,28,16
32,1842,1,19,16,11
52,6291,1,20,19,12
55,863,1,19,17,10
73,1429,0,17,47,19
74,452,0,20,38,6
49,1429,1,32,19,11
74,700,0,17,18,20
56,2100,1,21,23,10
45,1112,1,21,23,11
60,100,0,18,20,8
42,680,1,20,30,10
29,4756,1,14,11,10
40,4804,1,19,61,9
13,2587,1,8,9,10
21,2450,1,19,24,11
57,100,0,18,40,12
71,1029,0,18,21,16
46,2269,1,19,13,10
74,166,0,19,58,5
74,100,0,19,18,5
58,1197,1,12,16,5
74,2117,1,19,15,21
38,100,0,18,43,5
66,2830,1,3,13,11
74,2865,1,17,19,5
66,430,0,20,12,11
9,1785,1,10,13,10
60,816,0,19,55,12
33,1704,0,19,32,5
28,597,0,20,13,18
2,1060,0,20,19,11
67,1075,1,20,14,18
58,4695,1,20,24,10
60,301,0,17,7,14
74,100,0,20,9,5
56,873,1,18,5,14
25,100,0,18,13,10
52,2220,1,11,13,7
24,1378,1,20,21,11
58,185,0,18,22,18
60,418,0,19,34,19
72,1764,0,20,24,10
72,1733,1,19,16,11
74,100,0,18,34,13
74,4028,1,19,14,11
66,4179,1,12,18,11
22,186,1,18,24,11
34,100,0,19,32,15
74,3997,1,6,16,22
26,854,1,18,16,14
36,1427,0,20,25,5
20,100,0,19,19,13
73,455,0,20,27,5
40,2915,1,20,19,10
39,871,0,20,30,10
68,5332,1,19,21,17
34,1439,0,17,26,11
62,1951,1,8,24,12
67,2436,1,21,21,5
67,740,0,19,53,5
68,2262,0,19,26,5
69,601,0,18,59,10
31,2054,1,17,16,19
21,870,0,19,52,5
65,4731,1,19,11,10
16,132,1,19,17,9
44,399,1,20,16,10
26,100,0,19,33,12
71,1282,0,19,27,17
26,5615,1,19,25,19
54,368,0,20,20,5
19,1542,0,17,18,12
5,2182,1,27,34,11
34,1585,1,20,10,11
74,514,1,19,46,11
63,3961,1,18,9,11
69,1129,1,19,18,11
30,1417,0,20,25,17
55,100,0,18,21,6
74,2169,0,18,21,15
66,1039,0,18,19,9
41,4426,1,18,21,16
67,680,0,18,2,5
73,100,0,19,60,15
56,766,0,19,49,5
71,2101,1,9,19,10
40,812,0,18,53,16
74,901,1,19,21,11
74,805,1,13,13,9
17,1072,0,17,28,13
40,100,1,17,29,5
38,1329,1,18,28,13
34,4660,1,20,47,17
31,100,0,18,10,15
35,1816,1,19,23,10
42,1491,0,19,14,13
23,552,0,18,68,15
65,2481,1,20,25,12
35,100,0,19,40,15
67,909,0,19,41,11
24,932,0,18,52,6
48,3800,1,11,28,11
45,1099,1,17,11,13
74,933,0,18,29,22
16,638,1,19,32,17
22,2827,1,19,13,11
16,1132,0,19,51,6
72,2299,0,19,37,18
21,1520,1,18,23,11
38,1352,0,18,68,16
74,1104,1,18,24,5
71,3212,1,19,24,10
74,153,0,19,18,11
32,1380,0,18,43,10
57,1481,1,20,9,6
58,1781,1,18,18,15
51,3887,1,19,31,16
41,703,0,17,68,17
22,5620,1,18,20,12
33,2024,1,12,23,12
74,5311,1,18,27,11
49,1466,1,18,17,18
74,1693,1,13,26,8
35,5250,1,19,31,11
23,337,0,18,53,13
71,1806,0,19,23,16
44,4455,1,20,25,6
73,100,0,19,24,16
7,3738,1,17,25,11
27,539,0,18,8,16
44,3524,1,18,24,9
72,103,1,21,23,10
62,737,0,19,39,5
68,4064,1,19,23,13
54,3835,1,19,17,14
31,100,0,20,23,16
37,1191,0,19,20,16
50,5270,1,19,29,20
66,507,1,19,20,12
30,1716,1,18,15,10
42,6164,1,18,13,15
65,230,1,19,30,8
55,5045,1,18,16,16
18,3861,1,6,34,11
24,2898,1,17,12,10
70,644,1,17,27,10
37,2852,1,18,22,10
74,580,0,20,7,10
46,7090,1,18,60,16
34,1060,1,19,25,10
13,1840,0,18,54,13
36,589,0,20,31,20
38,4240,1,17,22,11
30,3826,1,17,20,10
52,907,0,19,19,15
74,279,0,19,21,13
46,1600,1,19,32,10
28,4746,1,20,24,10
70,1869,1,18,23,12
74,950,0,20,11,11
50,1446,0,18,24,16
21,1326,0,19,16,10
30,621,1,19,33,15
17,721,0,21,68,16
70,248,0,19,60,5
27,3395,1,17,20,21
62,1980,1,19,11,10
27,598,0,19,59,18
74,791,1,18,21,16
74,1348,1,19,26,10
50,1446,1,11,20,17
19,3729,1,19,22,11
38,1760,0,19,62,5
74,3517,1,20,17,20
48,4177,1,18,22,13
41,453,0,18,45,10
67,2108,1,18,13,11
26,1632,0,18,11,5
66,3366,1,8,25,12
28,4416,1,19,20,11
58,1363,0,21,14,6
34,1395,0,19,17,15
39,100,0,18,18,16
74,4563,1,16,28,18
27,1774,0,20,38,15
69,1502,1,19,24,11
47,4043,1,19,17,11
46,318,0,20,26,16
60,199,0,19,63,10
56,1040,0,19,36,14
32,5025,1,18,31,10
70,100,0,18,19,10
17,1769,0,19,43,14
74,1040,1,19,25,10
35,1034,0,20,23,11
32,1304,0,18,43,10
59,1086,0,19,31,17
50,816,1,19,19,10
15,1154,0,20,27,5
43,2505,1,19,18,10
31,182,0,19,26,10
31,1945,1,19,12,5
74,1009,1,19,20,10
52,3275,1,85,23,14
38,1070,1,19,17,12
68,641,0,20,20,19
74,465,1,18,16,9
7,100,0,20,12,15
74,3826,1,21,21,10
59,1042,1,19,22,11
55,945,0,18,31,5
74,495,0,19,18,17
26,470,1,18,24,13
71,5641,1,18,18,11
28,2054,1,19,11,10
70,100,1,18,31,12
74,613,0,19,6,14
40,1071,1,20,15,6
40,524,0,18,29,15
45,4160,1,21,22,5
45,804,1,18,20,10
36,5398,1,19,59,18
74,4245,1,19,30,11
29,3012,1,20,9,11
30,5052,1,19,8,20
25,1434,0,20,42,10
74,2219,0,21,20,19
60,1248,0,20,13,10
74,928,0,19,25,11
48,1696,1,19,25,11
67,100,0,18,22,19
35,2355,1,16,24,11
73,4928,1,17,29,16
65,672,0,19,51,15
60,100,0,17,22,16
18,1456,0,17,24,7
74,2919,1,17,12,11
71,459,0,18,23,14
42,3049,1,19,23,12
74,3657,1,18,23,10
27,640,0,19,67,16
66,949,0,19,17,5
74,1312,1,18,23,16
66,3697,1,18,32,7
23,1184,1,19,13,5
22,2056,1,18,24,10
41,1665,1,4,28,19
31,1105,1,18,27,15
16,5531,1,19,19,10
43,1014,0,18,23,14
72,2255,1,18,12,15
42,3532,1,12,16,6
70,1845,1,10,25,12
20,683,0,18,23,14
72,100,0,19,23,5
33,1826,0,19,15,11
18,100,0,17,46,17
34,588,0,18,45,10
34,1503,1,21,11,9
22,100,0,18,5,5
71,602,0,17,52,11
62,1361,0,17,20,16
59,3431,1,17,21,11
29,333,0,18,18,17
66,1636,1,20,26,18
54,786,0,20,18,6
37,675,0,20,21,15
61,100,0,19,68,11
74,313,0,19,14,5
2,1271,1,17,13,16
38,2275,1,18,4,7
22,1932,0,18,22,17
50,359,0,18,68,15
30,1979,1,20,13,11
61,3474,1,19,22,20
72,921,1,19,15,10
48,1273,1,20,24,17
17,2326,1,18,19,13
41,540,1,19,17,14
45,4094,1,10,25,12
61,1718,1,17,26,10
34,1760,0,20,17,9
42,1423,0,17,22,17
43,4274,1,8,21,9
41,411,1,18,55,9
19,2947,1,18,5,19
65,1843,1,20,18,16
35,146,0,19,32,18
74,1239,1,19,20,11
44,2492,1,19,25,14
18,351,0,21,68,15
20,932,0,19,68,12
70,988,0,17,45,19
74,3286,1,21,18,11
22,1972,1,21,15,22
39,1897,1,21,21,12
57,4318,1,20,9,7
40,1115,1,20,23,10
43,1343,0,18,59,19
31,1029,0,17,35,5
66,325,0,19,16,6
45,1022,1,4,22,11
65,1582,1,18,19,17
54,1024,1,17,17,20
24,4122,1,20,27,11
74,1174,0,19,55,5
67,944,0,19,68,10
48,1366,1,18,26,9
28,1979,1,18,33,11
74,1445,1,19,28,11
39,797,0,19,23,17
26,130,0,18,23,11
22,676,0,20,25,13
72,1641,0,20,31,11
68,170,0,16,25,18
74,1039,0,19,45,13
24,128,0,19,20,5
28,2782,1,19,23,10
36,225,0,19,27,13
31,880,0,19,38,11
36,1076,1,17,17,11
27,3586,1,20,23,10
31,6373,1,19,14,15
74,1189,1,18,16,20
64,1031,1,19,19,10
72,100,0,19,27,5
25,697,1,18,25,10
66,1833,1,20,27,16
74,100,0,19,59,11
40,1897,1,18,13,5
14,3065,1,20,25,15
62,2007,1,20,20,14
74,2930,1,19,42,11
15,4688,1,18,24,11
26,5078,1,21,1,21
74,4584,1,19,13,12
12,104,0,19,29,12
71,1608,1,18,22,5
29,926,0,18,38,18
29,1227,0,19,67,13
74,3517,1,19,29,16
29,5465,1,19,24,10
44,2075,1,18,17,20
69,704,0,19,19,5
21,2190,1,4,26,11
63,942,1,19,12,11
73,100,0,19,24,18
42,4455,1,18,31,15
36,1671,1,19,12,14
26,1177,1,18,20,10
33,956,0,20,54,11
42,483,0,18,53,5
34,1799,1,18,12,11
27,592,0,18,24,5
14,3830,1,19,12,10
31,5674,1,20,28,9
35,3461,1,19,25,17
50,902,0,20,29,20
74,2115,1,20,10,22
72,1099,1,18,36,12
68,2305,1,20,19,10
23,1859,0,19,7,17
18,1361,0,19,68,11
54,516,1,20,15,15
27,552,0,19,29,13
19,1450,0,19,37,6
73,1727,0,18,13,15
19,1774,0,18,15,5
3,2368,0,19,37,22
53,390,0,19,38,13
45,4234,1,14,23,12
44,1438,1,17,31,15
17,385,0,18,66,5
8,461,0,18,28,15
24,1258,1,21,18,12
12,968,1,18,13,14
64,1420,0,19,30,20
21,969,1,17,26,11
71,4834,1,15,10,12
44,1594,0,19,30,17
55,664,0,17,28,13
74,755,1,18,28,10
31,5282,1,4,21,12
62,1839,1,18,25,10
32,100,0,18,27,11
44,771,0,18,38,12
50,1453,0,19,16,13
74,1722,1,19,14,11
26,2210,1,19,24,19
30,1750,0,20,65,10
45,606,0,18,65,14
57,1098,1,18,24,17
73,100,0,17,52,20
74,5410,1,19,30,7
30,755,1,18,27,11
67,1134,0,19,18,14
15,1455,1,19,24,14
74,1317,1,20,31,5
41,496,0,18,18,14
24,100,0,20,52,10
25,2917,1,10,27,10
40,181,0,19,22,11
23,915,1,19,27,12
46,1992,1,18,20,10
52,558,0,18,27,5
30,4490,1,18,13,15
72,477,0,20,61,10
65,2065,1,19,23,5
50,100,0,19,60,11
53,100,0,20,40,10
11,1466,1,18,36,10
65,1209,0,19,23,13
23,1221,0,19,26,6
51,304,0,20,25,15
11,982,0,19,65,11
10,2088,1,19,19,5
72,481,0,18,20,10
23,1881,1,17,13,13
62,4044,1,20,32,15
69,3990,1,17,12,21
71,222,0,16,19,11
45,100,0,19,28,12
66,3142,1,13,26,11
13,4306,1,20,14,18
63,1153,0,19,52,16
74,1506,0,18,31,6
42,1739,1,19,21,6
24,241,0,19,19,18
70,364,0,18,18,14
62,936,1,17,15,15
74,1528,0,16,25,12
28,1336,1,19,16,5
17,1241,0,19,28,7
62,1147,0,21,54,5
74,100,0,19,22,12
51,2190,1,19,25,5
62,133,1,20,13,11
74,1015,0,19,55,19
52,1142,1,17,68,16
33,535,0,18,65,15
12,2290,0,19,55,18
50,5296,1,20,57,18
26,1417,1,19,24,10
26,893,1,15,24,11
65,1520,1,19,17,10
34,1122,1,8,33,5
61,3380,1,9,20,15
74,1748,1,19,20,12
30,1139,0,19,68,12
33,191,0,18,29,5
35,1203,1,18,17,14
9,1112,0,21,55,19
19,156,0,19,14,5
30,625,0,19,40,11
31,2053,1,18,7,7
49,2317,1,17,16,19
62,3618,1,19,16,10
72,596,0,17,11,15
74,1438,0,20,17,5
73,778,0,18,28,15
53,1375,0,19,30,15
14,891,0,19,13,11
67,4518,1,18,19,6
63,719,0,19,23,15
42,1326,0,19,37,17
55,1317,0,21,32,17
50,704,1,18,21,10
69,100,0,17,15,5
39,1126,0,17,21,17
34,969,0,19,42,11
22,1618,1,19,20,16
52,3139,1,21,2,12
24,916,0,18,60,5
40,2645,1,18,22,11
36,2404,1,49,14,18
48,1588,0,19,21,18
19,100,0,19,29,10
22,2114,1,19,21,16
74,1430,1,20,30,19
42,5845,1,18,20,10
27,1588,0,20,23,6
57,1162,1,18,16,12
58,100,0,17,27,15
28,231,1,20,19,10
34,1635,0,17,60,14
29,931,1,19,24,5
5,1809,1,18,22,15
74,2275,1,19,22,12
30,622,1,19,28,11
70,413,0,20,26,5
24,716,0,18,58,16
66,2801,1,17,31,12
74,1516,0,19,17,5
69,2163,1,17,28,14
49,100,0,18,25,13
74,2344,1,20,21,11
36,2242,1,18,18,15
36,1009,0,20,29,14
59,2322,1,19,22,5
28,2232,1,17,10,14
22,719,0,19,58,14
25,5660,1,14,27,10
56,1151,1,19,17,10
65,3380,0,19,19,5
29,4140,1,18,25,10
30,1349,1,6,27,10
51,4122,1,18,25,10
28,535,0,19,62,17
17,2123,0,18,25,5
49,1157,0,20,20,11
71,1503,0,18,15,19
28,2891,1,8,15,19
30,198,1,18,20,11
35,3113,1,20,6,12
68,1574,1,19,12,13
36,2063,1,18,19,19
40,3127,1,19,31,16
53,1017,1,19,13,11
72,1487,0,20,49,13
25,1089,1,20,23,11
74,1328,1,18,21,12
58,1248,0,19,44,16
40,1494,1,21,24,11
67,1466,1,18,29,16
38,1481,0,20,27,17
38,530,0,18,29,11
42,1619,1,20,16,16
51,1244,1,18,16,10
74,4884,1,19,21,11
50,126,0,20,54,5
50,1443,1,20,32,11
70,1420,1,17,12,11
63,100,0,19,21,12
31,671,1,18,30,16
19,100,0,20,59,5
51,413,1,18,18,16
41,924,1,18,24,16
26,1299,0,19,48,6
13,798,0,20,58,14
74,100,0,21,13,17
64,813,1,17,24,10
37,3895,1,20,16,11
74,4821,1,10,5,11
20,1651,1,18,23,10
19,1600,1,18,11,20
73,1529,1,19,10,17
50,468,0,18,24,15
30,1181,1,21,34,10
61,4097,1,17,15,11
74,6226,1,20,22,11
31,1406,1,16,31,11
33,5886,1,18,20,12
35,293,0,19,39,14
62,578,0,17,18,5
58,492,0,18,55,5
26,1567,1,20,23,9
19,1045,0,20,10,11
41,3427,1,17,22,11
42,154,0,17,52,5
66,674,1,21,17,12
56,100,0,17,26,14
69,100,0,19,21,18
74,3711,1,17,21,12
64,8114,1,20,21,12
74,1694,1,66,26,10
64,3367,1,19,25,12
33,2255,1,19,8,19
25,643,0,18,68,5
62,1171,1,19,20,12
59,3016,1,21,21,11
38,636,0,19,12,13
68,4095,1,17,21,17
35,5511,1,20,62,18
73,4577,1,20,45,11
52,3992,1,19,15,17
46,5373,1,18,37,10
51,528,0,20,53,18
5,881,0,21,22,5
74,548,0,19,41,5
74,1563,0,19,21,12
62,1449,0,21,2,6
11,4411,1,21,12,12
37,1546,0,19,60,5
74,1200,0,16,59,14
58,837,1,18,19,15
18,3632,1,19,53,6
24,582,0,18,21,5
64,354,0,17,22,6
40,1176,1,18,17,11
64,1701,1,16,8,10
74,452,0,18,39,14
43,1239,0,19,56,17
47,800,0,19,19,17
34,3902,1,12,14,12
13,1427,0,20,41,10
47,1460,1,17,24,19
37,1275,0,19,18,16
39,3296,1,18,16,12
39,2033,1,19,62,10
74,834,0,19,25,5
22,1122,0,19,30,14
74,1294,1,20,28,11
20,4862,1,20,10,17
12,953,0,20,52,17
59,100,1,12,37,11
40,1620,0,17,23,11
26,2651,1,20,7,11
57,955,0,19,36,18
74,4633,1,18,15,6
74,2224,1,17,25,19
66,2269,1,18,24,10
72,5801,1,49,17,12
32,1449,0,19,56,5
18,1996,1,19,17,14
74,1426,1,12,28,10
34,1606,1,17,27,14
46,2761,1,20,5,11
33,1307,0,17,40,6
73,1103,1,19,18,11
74,2675,1,18,8,20
60,476,0,19,48,21
15,1457,0,20,25,11
56,100,0,19,11,5
52,100,0,20,15,21
10,1170,0,18,54,16
39,2263,1,19,15,6
34,766,0,16,26,11
29,4081,1,11,23,10
27,803,0,18,24,18
36,1176,0,17,33,10
69,1877,0,19,66,10
25,182,0,19,32,5
45,994,0,19,56,13
13,364,1,19,29,5
74,4155,1,19,21,14
74,863,1,20,24,11
20,1610,1,75,12,10
67,613,0,20,27,5
30,2378,1,20,9,10
25,664,0,19,22,15
35,1087,0,20,16,15
29,492,0,18,24,5
14,1912,1,19,17,14
45,4882,1,18,17,11
30,5755,1,9,29,10
36,805,0,21,19,11
40,1786,1,18,21,10
57,1950,1,19,21,20
34,3487,1,20,23,16
53,225,0,18,27,5
42,1247,0,19,27,5
40,908,1,19,8,9
25,753,1,9,27,6
74,2414,1,18,17,10
27,348,0,19,30,15
16,1423,1,17,25,20
72,5737,1,10,19,11
63,1777,0,18,68,18
27,688,0,19,15,5
22,4787,1,19,15,17
34,690,0,18,41,10
74,100,1,18,21,10
25,1082,0,19,23,11
23,6765,1,17,31,6
53,1866,0,20,16,15
25,1346,0,19,32,7
22,5458,1,18,8,12
71,475,1,18,17,11
55,5931,1,20,23,12
65,707,0,19,24,12
52,480,0,21,31,14
17,1858,1,19,28,10
47,933,0,18,17,7
74,1315,1,18,14,12
5,1557,1,20,18,19
64,1344,0,18,18,5
39,1339,1,19,31,20
52,1307,1,17,23,10
74,100,0,18,18,10
49,165,0,18,16,5
40,1000,1,17,20,16
37,707,0,17,9,5
26,1200,1,18,25,10
41,6020,1,18,26,17
21,897,1,18,22,14
24,293,0,20,13,5
51,1013,0,19,68,20
38,1123,1,21,10,5
74,2240,0,20,20,18
26,397,0,20,25,10
37,383,0,18,68,5
42,1606,1,16,12,17
61,2581,1,20,15,10
17,4562,1,19,68,11
57,723,0,19,35,5
58,505,0,19,34,10
65,6561,1,7,53,11
45,1341,0,19,46,12
36,107,0,19,26,5
21,1542,0,15,17,16
17,5202,1,18,15,10
74,2985,1,16,19,10
68,5248,1,17,25,5
64,1943,1,19,10,12
36,6200,1,16,25,12
22,712,0,19,20,10
32,1847,1,18,18,15
35,922,0,20,17,6
24,582,0,19,12,5
63,1617,0,17,4,14
74,838,0,19,46,11
28,1771,1,17,12,19
29,2836,1,19,16,19
62,1001,0,20,56,19
61,2393,1,19,16,22
68,100,1,19,16,10
74,747,0,18,29,6
42,347,0,19,53,10
63,100,0,18,2,6
74,3570,1,18,16,16
49,637,0,20,47,6
60,1833,0,18,55,11
56,1765,1,18,21,5
74,1261,0,19,23,12
58,4927,1,19,4,11
74,2655,1,19,13,11
42,2325,1,19,28,18
40,1395,0,19,50,19
63,207,0,19,22,10
46,1236,0,19,51,7
61,1645,0,19,27,6
31,862,1,18,14,11
63,3073,1,18,15,11
23,3248,1,19,13,10
64,240,0,18,66,12
68,1443,1,19,25,11
74,2046,0,17,46,10
54,997,0,19,40,17
67,2553,1,20,22,10
69,5206,1,18,30,12
36,1993,1,12,11,21
66,1375,1,20,10,11
31,2784,1,19,6,10
51,1218,1,20,20,10
11,1081,0,19,34,13
21,2142,1,19,18,10
14,2234,0,16,68,20
38,100,0,19,40,13
55,447,1,19,2,20
59,916,1,19,9,15
39,1776,0,17,62,18
62,1666,0,19,26,6
29,4027,1,18,12,5
73,100,0,20,23,5
39,1468,0,19,68,10
56,3865,1,10,16,15
56,763,0,19,56,13
18,2283,1,19,31,13
24,2975,1,19,24,5
74,1418,1,19,20,10
16,331,0,18,33,16
25,3729,1,20,12,10
27,2510,1,18,1,11
18,4383,0,19,16,16
74,364,1,20,16,10
72,768,0,17,23,14
53,4107,1,19,17,5
23,608,0,21,49,17
33,1650,1,17,11,10
35,1002,0,19,27,5
54,100,0,19,55,6
55,1990,1,20,16,7
31,5133,1,17,43,18
27,1847,0,21,63,15
74,100,0,18,31,11
61,100,0,19,24,11
32,3739,1,19,7,9
63,919,0,19,60,10
64,1006,0,19,43,5
70,100,0,20,19,13
23,785,0,18,33,17
51,4531,1,73,25,22
14,3495,1,18,23,11
73,2748,1,17,22,10
31,5733,1,19,68,8
26,807,0,19,18,5
40,2813,1,17,26,12
28,2291,1,8,33,10
49,100,0,19,15,11
8,1958,1,18,28,5
36,1564,1,12,16,6
49,5897,1,1,23,10
21,1889,0,19,29,22
51,628,0,17,17,15
69,2052,0,18,14,17
73,1244,0,18,19,6
40,1472,1,18,29,5
17,1364,1,18,35,11
41,5556,1,9,25,18
65,100,1,1,27,19
49,536,0,18,18,5
63,308,0,18,26,7
43,4866,1,18,22,21
62,3220,1,19,19,11
23,1262,0,20,15,5
48,100,0,19,10,16
66,1544,0,19,11,11
63,4890,1,20,23,7
66,755,0,19,53,17
29,148,0,18,51,14
39,100,0,19,37,5
21,804,0,20,15,10
72,998,1,19,6,18
54,1253,1,19,18,16
36,2086,1,18,29,11
57,1500,1,19,28,5
51,841,1,19,19,5
63,1591,1,17,19,12
28,2196,0,19,19,17
59,3840,1,18,30,10
27,594,0,19,56,11
30,858,0,20,34,6
66,1283,1,17,20,12
26,129,0,19,28,15
29,786,1,17,10,11
38,4762,1,19,21,17
72,1792,1,19,24,10
67,402,0,19,15,5
24,1143,0,20,36,19
33,1282,0,18,15,11
16,894,0,19,43,16
32,5389,1,19,22,18
51,555,1,19,18,9
44,1151,0,19,22,12
74,1302,0,18,48,5
37,1638,1,19,14,11
